package,version,license,license_file,repository,source
adler2,2.0.1,0BSD OR MIT OR Apache-2.0,,https://github.com/oyvindln/adler2,registry+https://github.com/rust-lang/crates.io-index
aead,0.6.1,MIT OR Apache-2.0,,https://github.com/RustCrypto/traits,registry+https://github.com/rust-lang/crates.io-index
aes,0.8.4,MIT OR Apache-2.0,,https://github.com/RustCrypto/block-ciphers,registry+https://github.com/rust-lang/crates.io-index
aes,0.9.2,MIT OR Apache-2.0,,https://github.com/RustCrypto/block-ciphers,registry+https://github.com/rust-lang/crates.io-index
aes-gcm,0.11.1,Apache-2.0 OR MIT,,https://github.com/RustCrypto/AEADs,registry+https://github.com/rust-lang/crates.io-index
ahash,0.8.12,MIT OR Apache-2.0,,https://github.com/tkaitchuck/ahash,registry+https://github.com/rust-lang/crates.io-index
aho-corasick,1.1.5,Unlicense OR MIT,,https://github.com/BurntSushi/aho-corasick,registry+https://github.com/rust-lang/crates.io-index
alacritty_terminal,0.26.0,Apache-2.0,,https://github.com/alacritty/alacritty,registry+https://github.com/rust-lang/crates.io-index
aligned,0.4.3,MIT OR Apache-2.0,,https://github.com/rust-embedded-community/aligned,registry+https://github.com/rust-lang/crates.io-index
aligned-vec,0.6.4,MIT,,https://github.com/sarah-ek/aligned-vec/,registry+https://github.com/rust-lang/crates.io-index
android_system_properties,0.1.6,MIT OR Apache-2.0,,https://github.com/nical/android_system_properties,registry+https://github.com/rust-lang/crates.io-index
anyhow,1.0.104,MIT OR Apache-2.0,,https://github.com/dtolnay/anyhow,registry+https://github.com/rust-lang/crates.io-index
ar_archive_writer,0.5.3,Apache-2.0 WITH LLVM-exception,,https://github.com/rust-lang/ar_archive_writer,registry+https://github.com/rust-lang/crates.io-index
arbitrary,1.4.2,MIT OR Apache-2.0,,https://github.com/rust-fuzz/arbitrary/,registry+https://github.com/rust-lang/crates.io-index
arc-swap,1.9.2,MIT OR Apache-2.0,,https://github.com/vorner/arc-swap,registry+https://github.com/rust-lang/crates.io-index
arg_enum_proc_macro,0.3.4,MIT,,https://github.com/lu-zero/arg_enum_proc_macro,registry+https://github.com/rust-lang/crates.io-index
argon2,0.6.0,MIT OR Apache-2.0,,https://github.com/RustCrypto/password-hashes,registry+https://github.com/rust-lang/crates.io-index
arrayref,0.3.9,BSD-2-Clause,,https://github.com/droundy/arrayref,registry+https://github.com/rust-lang/crates.io-index
arrayvec,0.7.8,MIT OR Apache-2.0,,https://github.com/bluss/arrayvec,registry+https://github.com/rust-lang/crates.io-index
as-raw-xcb-connection,1.0.1,MIT OR Apache-2.0,,https://github.com/psychon/as-raw-xcb-connection,registry+https://github.com/rust-lang/crates.io-index
as-slice,0.2.1,MIT OR Apache-2.0,,https://github.com/japaric/as-slice,registry+https://github.com/rust-lang/crates.io-index
ash,0.38.0+1.3.281,MIT OR Apache-2.0,,https://github.com/ash-rs/ash,registry+https://github.com/rust-lang/crates.io-index
ash-window,0.13.0,MIT OR Apache-2.0,,https://github.com/ash-rs/ash,registry+https://github.com/rust-lang/crates.io-index
ashpd,0.11.1,MIT,,https://github.com/bilelmoussaoui/ashpd,registry+https://github.com/rust-lang/crates.io-index
ashpd,0.12.3,MIT,,https://github.com/bilelmoussaoui/ashpd,registry+https://github.com/rust-lang/crates.io-index
async-broadcast,0.7.2,MIT OR Apache-2.0,,https://github.com/smol-rs/async-broadcast,registry+https://github.com/rust-lang/crates.io-index
async-channel,1.9.0,Apache-2.0 OR MIT,,https://github.com/smol-rs/async-channel,registry+https://github.com/rust-lang/crates.io-index
async-channel,2.5.0,Apache-2.0 OR MIT,,https://github.com/smol-rs/async-channel,registry+https://github.com/rust-lang/crates.io-index
async-compression,0.4.45,MIT OR Apache-2.0,,https://github.com/Nullus157/async-compression,registry+https://github.com/rust-lang/crates.io-index
async-executor,1.14.0,Apache-2.0 OR MIT,,https://github.com/smol-rs/async-executor,registry+https://github.com/rust-lang/crates.io-index
async-fs,2.2.0,Apache-2.0 OR MIT,,https://github.com/smol-rs/async-fs,registry+https://github.com/rust-lang/crates.io-index
async-global-executor,2.4.1,Apache-2.0 OR MIT,,https://github.com/Keruspe/async-global-executor,registry+https://github.com/rust-lang/crates.io-index
async-io,2.6.0,Apache-2.0 OR MIT,,https://github.com/smol-rs/async-io,registry+https://github.com/rust-lang/crates.io-index
async-lock,3.4.2,Apache-2.0 OR MIT,,https://github.com/smol-rs/async-lock,registry+https://github.com/rust-lang/crates.io-index
async-net,2.0.0,Apache-2.0 OR MIT,,https://github.com/smol-rs/async-net,registry+https://github.com/rust-lang/crates.io-index
async-process,2.5.0,Apache-2.0 OR MIT,,https://github.com/smol-rs/async-process,registry+https://github.com/rust-lang/crates.io-index
async-recursion,1.1.1,MIT OR Apache-2.0,,https://github.com/dcchut/async-recursion,registry+https://github.com/rust-lang/crates.io-index
async-signal,0.2.14,Apache-2.0 OR MIT,,https://github.com/smol-rs/async-signal,registry+https://github.com/rust-lang/crates.io-index
async-std,1.13.2,Apache-2.0 OR MIT,,https://github.com/async-rs/async-std,registry+https://github.com/rust-lang/crates.io-index
async-task,4.7.1,Apache-2.0 OR MIT,,https://github.com/smol-rs/async-task,registry+https://github.com/rust-lang/crates.io-index
async-trait,0.1.92,MIT OR Apache-2.0,,https://github.com/dtolnay/async-trait,registry+https://github.com/rust-lang/crates.io-index
async_zip,0.0.17,MIT,,https://github.com/Majored/rs-async-zip,registry+https://github.com/rust-lang/crates.io-index
atomic,0.5.3,Apache-2.0/MIT,,https://github.com/Amanieu/atomic-rs,registry+https://github.com/rust-lang/crates.io-index
atomic-waker,1.1.2,Apache-2.0 OR MIT,,https://github.com/smol-rs/atomic-waker,registry+https://github.com/rust-lang/crates.io-index
autocfg,1.5.1,Apache-2.0 OR MIT,,https://github.com/cuviper/autocfg,registry+https://github.com/rust-lang/crates.io-index
av-scenechange,0.14.1,MIT,,https://github.com/rust-av/av-scenechange,registry+https://github.com/rust-lang/crates.io-index
av1-grain,0.2.5,BSD-2-Clause,,https://github.com/rust-av/av1-grain,registry+https://github.com/rust-lang/crates.io-index
avif-serialize,0.8.9,BSD-3-Clause,,https://github.com/kornelski/avif-serialize,registry+https://github.com/rust-lang/crates.io-index
base16ct,1.0.0,Apache-2.0 OR MIT,,https://github.com/RustCrypto/formats,registry+https://github.com/rust-lang/crates.io-index
base62,2.2.4,MIT,,https://github.com/fbernier/base62,registry+https://github.com/rust-lang/crates.io-index
base64,0.22.1,MIT OR Apache-2.0,,https://github.com/marshallpierce/rust-base64,registry+https://github.com/rust-lang/crates.io-index
base64ct,1.8.3,Apache-2.0 OR MIT,,https://github.com/RustCrypto/formats,registry+https://github.com/rust-lang/crates.io-index
bcrypt-pbkdf,0.11.0,MIT OR Apache-2.0,,https://github.com/RustCrypto/password-hashes,registry+https://github.com/rust-lang/crates.io-index
bindgen,0.71.1,BSD-3-Clause,,https://github.com/rust-lang/rust-bindgen,registry+https://github.com/rust-lang/crates.io-index
bit-set,0.8.0,Apache-2.0 OR MIT,,https://github.com/contain-rs/bit-set,registry+https://github.com/rust-lang/crates.io-index
bit-vec,0.8.0,Apache-2.0 OR MIT,,https://github.com/contain-rs/bit-vec,registry+https://github.com/rust-lang/crates.io-index
bit_field,0.10.3,Apache-2.0/MIT,,https://github.com/phil-opp/rust-bit-field,registry+https://github.com/rust-lang/crates.io-index
bitflags,1.3.2,MIT/Apache-2.0,,https://github.com/bitflags/bitflags,registry+https://github.com/rust-lang/crates.io-index
bitflags,2.13.1,MIT OR Apache-2.0,,https://github.com/bitflags/bitflags,registry+https://github.com/rust-lang/crates.io-index
bitstream-io,4.10.0,MIT/Apache-2.0,,https://github.com/tuffy/bitstream-io,registry+https://github.com/rust-lang/crates.io-index
blade-graphics,0.7.1,MIT,,https://github.com/kvark/blade,registry+https://github.com/rust-lang/crates.io-index
blade-macros,0.3.0,MIT,,https://github.com/kvark/blade,registry+https://github.com/rust-lang/crates.io-index
blade-util,0.3.0,MIT,,https://github.com/kvark/blade,registry+https://github.com/rust-lang/crates.io-index
blake2,0.11.0,MIT OR Apache-2.0,,https://github.com/RustCrypto/hashes,registry+https://github.com/rust-lang/crates.io-index
block,0.1.6,MIT,,http://github.com/SSheldon/rust-block,registry+https://github.com/rust-lang/crates.io-index
block-buffer,0.10.4,MIT OR Apache-2.0,,https://github.com/RustCrypto/utils,registry+https://github.com/rust-lang/crates.io-index
block-buffer,0.12.1,MIT OR Apache-2.0,,https://github.com/RustCrypto/utils,registry+https://github.com/rust-lang/crates.io-index
block-padding,0.3.3,MIT OR Apache-2.0,,https://github.com/RustCrypto/utils,registry+https://github.com/rust-lang/crates.io-index
block-padding,0.4.2,MIT OR Apache-2.0,,https://github.com/RustCrypto/utils,registry+https://github.com/rust-lang/crates.io-index
block2,0.6.2,MIT,,https://github.com/madsmtm/objc2,registry+https://github.com/rust-lang/crates.io-index
blocking,1.7.0,Apache-2.0 OR MIT,,https://github.com/smol-rs/blocking,registry+https://github.com/rust-lang/crates.io-index
blowfish,0.10.0,MIT OR Apache-2.0,,https://github.com/RustCrypto/block-ciphers,registry+https://github.com/rust-lang/crates.io-index
bstr,1.13.1,MIT OR Apache-2.0,,https://github.com/BurntSushi/bstr,registry+https://github.com/rust-lang/crates.io-index
built,0.8.1,MIT,,https://github.com/lukaslueg/built,registry+https://github.com/rust-lang/crates.io-index
bumpalo,3.20.3,MIT OR Apache-2.0,,https://github.com/fitzgen/bumpalo,registry+https://github.com/rust-lang/crates.io-index
bytemuck,1.25.2,Zlib OR Apache-2.0 OR MIT,,https://github.com/Lokathor/bytemuck,registry+https://github.com/rust-lang/crates.io-index
bytemuck_derive,1.12.0,Zlib OR Apache-2.0 OR MIT,,https://github.com/Lokathor/bytemuck,registry+https://github.com/rust-lang/crates.io-index
byteorder,1.5.0,Unlicense OR MIT,,https://github.com/BurntSushi/byteorder,registry+https://github.com/rust-lang/crates.io-index
byteorder-lite,0.1.0,Unlicense OR MIT,,https://github.com/image-rs/byteorder-lite,registry+https://github.com/rust-lang/crates.io-index
bytes,1.12.1,MIT,,https://github.com/tokio-rs/bytes,registry+https://github.com/rust-lang/crates.io-index
calloop,0.13.0,MIT,,https://github.com/Smithay/calloop,registry+https://github.com/rust-lang/crates.io-index
calloop-wayland-source,0.3.0,MIT,,https://github.com/smithay/calloop-wayland-source,registry+https://github.com/rust-lang/crates.io-index
cbc,0.1.2,MIT OR Apache-2.0,,https://github.com/RustCrypto/block-modes,registry+https://github.com/rust-lang/crates.io-index
cbc,0.2.1,MIT OR Apache-2.0,,https://github.com/RustCrypto/block-modes,registry+https://github.com/rust-lang/crates.io-index
cbindgen,0.28.0,MPL-2.0,,https://github.com/mozilla/cbindgen,registry+https://github.com/rust-lang/crates.io-index
cc,1.4.5,MIT OR Apache-2.0,,https://github.com/rust-lang/cc-rs,registry+https://github.com/rust-lang/crates.io-index
cexpr,0.6.0,Apache-2.0/MIT,,https://github.com/jethrogb/rust-cexpr,registry+https://github.com/rust-lang/crates.io-index
cfg-if,1.0.4,MIT OR Apache-2.0,,https://github.com/rust-lang/cfg-if,registry+https://github.com/rust-lang/crates.io-index
cfg_aliases,0.1.1,MIT,,https://github.com/katharostech/cfg_aliases,registry+https://github.com/rust-lang/crates.io-index
cfg_aliases,0.2.2,MIT,,https://github.com/katharostech/cfg_aliases,registry+https://github.com/rust-lang/crates.io-index
cgl,0.3.2,MIT / Apache-2.0,,https://github.com/servo/cgl-rs,registry+https://github.com/rust-lang/crates.io-index
chacha20,0.10.2,MIT OR Apache-2.0,,https://github.com/RustCrypto/stream-ciphers,registry+https://github.com/rust-lang/crates.io-index
chrono,0.4.45,MIT OR Apache-2.0,,https://github.com/chronotope/chrono,registry+https://github.com/rust-lang/crates.io-index
cipher,0.4.4,MIT OR Apache-2.0,,https://github.com/RustCrypto/traits,registry+https://github.com/rust-lang/crates.io-index
cipher,0.5.2,MIT OR Apache-2.0,,https://github.com/RustCrypto/traits,registry+https://github.com/rust-lang/crates.io-index
clang-sys,1.9.1,Apache-2.0,,https://github.com/KyleMayes/clang-sys,registry+https://github.com/rust-lang/crates.io-index
cmov,0.5.4,Apache-2.0 OR MIT,,https://github.com/RustCrypto/utils,registry+https://github.com/rust-lang/crates.io-index
cocoa,0.25.0,MIT OR Apache-2.0,,https://github.com/servo/core-foundation-rs,registry+https://github.com/rust-lang/crates.io-index
cocoa,0.26.0,MIT OR Apache-2.0,,https://github.com/servo/core-foundation-rs,registry+https://github.com/rust-lang/crates.io-index
cocoa-foundation,0.1.2,MIT OR Apache-2.0,,https://github.com/servo/core-foundation-rs,registry+https://github.com/rust-lang/crates.io-index
cocoa-foundation,0.2.0,MIT OR Apache-2.0,,https://github.com/servo/core-foundation-rs,registry+https://github.com/rust-lang/crates.io-index
codespan-reporting,0.12.0,Apache-2.0,,https://github.com/brendanzab/codespan,registry+https://github.com/rust-lang/crates.io-index
color_quant,1.1.0,MIT,,https://github.com/image-rs/color_quant.git,registry+https://github.com/rust-lang/crates.io-index
command-fds,0.3.3,Apache-2.0,,https://github.com/google/command-fds/,registry+https://github.com/rust-lang/crates.io-index
compression-codecs,0.4.40,MIT OR Apache-2.0,,https://github.com/Nullus157/async-compression,registry+https://github.com/rust-lang/crates.io-index
compression-core,0.4.33,MIT OR Apache-2.0,,https://github.com/Nullus157/async-compression,registry+https://github.com/rust-lang/crates.io-index
concurrent-queue,2.5.0,Apache-2.0 OR MIT,,https://github.com/smol-rs/concurrent-queue,registry+https://github.com/rust-lang/crates.io-index
const-oid,0.10.2,Apache-2.0 OR MIT,,https://github.com/RustCrypto/formats,registry+https://github.com/rust-lang/crates.io-index
const-random,0.1.18,MIT OR Apache-2.0,,https://github.com/tkaitchuck/constrandom,registry+https://github.com/rust-lang/crates.io-index
const-random-macro,0.1.16,MIT OR Apache-2.0,,https://github.com/tkaitchuck/constrandom,registry+https://github.com/rust-lang/crates.io-index
convert_case,0.4.0,MIT,,https://github.com/rutrum/convert-case,registry+https://github.com/rust-lang/crates.io-index
core-foundation,0.10.0,MIT OR Apache-2.0,,https://github.com/servo/core-foundation-rs,registry+https://github.com/rust-lang/crates.io-index
core-foundation,0.9.4,MIT OR Apache-2.0,,https://github.com/servo/core-foundation-rs,registry+https://github.com/rust-lang/crates.io-index
core-foundation-sys,0.8.7,MIT OR Apache-2.0,,https://github.com/servo/core-foundation-rs,registry+https://github.com/rust-lang/crates.io-index
core-graphics,0.23.2,MIT OR Apache-2.0,,https://github.com/servo/core-foundation-rs,registry+https://github.com/rust-lang/crates.io-index
core-graphics,0.24.0,MIT OR Apache-2.0,,https://github.com/servo/core-foundation-rs,registry+https://github.com/rust-lang/crates.io-index
core-graphics-helmer-fork,0.24.0,MIT OR Apache-2.0,,https://github.com/servo/core-foundation-rs,registry+https://github.com/rust-lang/crates.io-index
core-graphics-types,0.1.3,MIT OR Apache-2.0,,https://github.com/servo/core-foundation-rs,registry+https://github.com/rust-lang/crates.io-index
core-graphics-types,0.2.0,MIT OR Apache-2.0,,https://github.com/servo/core-foundation-rs,registry+https://github.com/rust-lang/crates.io-index
core-graphics2,0.4.1,MIT OR Apache-2.0,,https://github.com/rust-media/apple-media-rs,registry+https://github.com/rust-lang/crates.io-index
core-text,21.0.0,MIT OR Apache-2.0,,https://github.com/servo/core-foundation-rs,registry+https://github.com/rust-lang/crates.io-index
core-video,0.4.3,MIT OR Apache-2.0,,https://github.com/rust-media/apple-media-rs,registry+https://github.com/rust-lang/crates.io-index
core_detect,1.0.0,MIT/Apache-2.0,,https://github.com/thomcc/core_detect,registry+https://github.com/rust-lang/crates.io-index
core_maths,0.1.1,MIT,,https://github.com/robertbastian/core_maths,registry+https://github.com/rust-lang/crates.io-index
cosmic-text,0.14.2,MIT OR Apache-2.0,,https://github.com/pop-os/cosmic-text,registry+https://github.com/rust-lang/crates.io-index
cpubits,0.1.1,MIT OR Apache-2.0,,https://github.com/RustCrypto/utils,registry+https://github.com/rust-lang/crates.io-index
cpufeatures,0.2.17,MIT OR Apache-2.0,,https://github.com/RustCrypto/utils,registry+https://github.com/rust-lang/crates.io-index
cpufeatures,0.3.1,MIT OR Apache-2.0,,https://github.com/RustCrypto/utils,registry+https://github.com/rust-lang/crates.io-index
crc32fast,1.5.1,MIT OR Apache-2.0,,https://github.com/srijs/rust-crc32fast,registry+https://github.com/rust-lang/crates.io-index
crossbeam-deque,0.8.8,MIT OR Apache-2.0,,https://github.com/crossbeam-rs/crossbeam,registry+https://github.com/rust-lang/crates.io-index
crossbeam-epoch,0.9.21,MIT OR Apache-2.0,,https://github.com/crossbeam-rs/crossbeam,registry+https://github.com/rust-lang/crates.io-index
crossbeam-queue,0.3.14,MIT OR Apache-2.0,,https://github.com/crossbeam-rs/crossbeam,registry+https://github.com/rust-lang/crates.io-index
crossbeam-utils,0.8.23,MIT OR Apache-2.0,,https://github.com/crossbeam-rs/crossbeam,registry+https://github.com/rust-lang/crates.io-index
crunchy,0.2.4,MIT,,https://github.com/eira-fransham/crunchy,registry+https://github.com/rust-lang/crates.io-index
crypto-bigint,0.7.5,Apache-2.0 OR MIT,,https://github.com/RustCrypto/crypto-bigint,registry+https://github.com/rust-lang/crates.io-index
crypto-common,0.1.7,MIT OR Apache-2.0,,https://github.com/RustCrypto/traits,registry+https://github.com/rust-lang/crates.io-index
crypto-common,0.2.2,MIT OR Apache-2.0,,https://github.com/RustCrypto/traits,registry+https://github.com/rust-lang/crates.io-index
csv,1.4.0,Unlicense/MIT,,https://github.com/BurntSushi/rust-csv,registry+https://github.com/rust-lang/crates.io-index
csv-core,0.1.13,Unlicense/MIT,,https://github.com/BurntSushi/rust-csv,registry+https://github.com/rust-lang/crates.io-index
ctor,0.4.3,Apache-2.0 OR MIT,,https://github.com/mmastrac/rust-ctor,registry+https://github.com/rust-lang/crates.io-index
ctor-proc-macro,0.0.6,Apache-2.0 OR MIT,,https://github.com/mmastrac/rust-ctor,registry+https://github.com/rust-lang/crates.io-index
ctr,0.10.1,MIT OR Apache-2.0,,https://github.com/RustCrypto/block-modes,registry+https://github.com/rust-lang/crates.io-index
ctutils,0.4.2,Apache-2.0 OR MIT,,https://github.com/RustCrypto/utils,registry+https://github.com/rust-lang/crates.io-index
cursor-icon,1.2.0,MIT OR Apache-2.0 OR Zlib,,https://github.com/rust-windowing/cursor-icon,registry+https://github.com/rust-lang/crates.io-index
curve25519-dalek,5.0.0,BSD-3-Clause,,https://github.com/dalek-cryptography/curve25519-dalek/tree/main/curve25519-dalek,registry+https://github.com/rust-lang/crates.io-index
curve25519-dalek-derive,0.1.1,MIT/Apache-2.0,,https://github.com/dalek-cryptography/curve25519-dalek,registry+https://github.com/rust-lang/crates.io-index
dashmap,6.2.1,MIT,,https://github.com/xacrimon/dashmap,registry+https://github.com/rust-lang/crates.io-index
data-encoding,2.11.1,MIT,,https://github.com/ia0/data-encoding,registry+https://github.com/rust-lang/crates.io-index
data-url,0.3.2,MIT OR Apache-2.0,,https://github.com/servo/rust-url,registry+https://github.com/rust-lang/crates.io-index
deflate64,0.1.12,MIT,,https://github.com/anatawa12/deflate64-rs,registry+https://github.com/rust-lang/crates.io-index
delegate,0.13.5,MIT OR Apache-2.0,,https://github.com/kobzol/rust-delegate,registry+https://github.com/rust-lang/crates.io-index
der,0.8.2,Apache-2.0 OR MIT,,https://github.com/RustCrypto/formats,registry+https://github.com/rust-lang/crates.io-index
derive_more,0.99.20,MIT,,https://github.com/JelteF/derive_more,registry+https://github.com/rust-lang/crates.io-index
des,0.9.0,MIT OR Apache-2.0,,https://github.com/RustCrypto/block-ciphers,registry+https://github.com/rust-lang/crates.io-index
digest,0.10.7,MIT OR Apache-2.0,,https://github.com/RustCrypto/traits,registry+https://github.com/rust-lang/crates.io-index
digest,0.11.3,MIT OR Apache-2.0,,https://github.com/RustCrypto/traits,registry+https://github.com/rust-lang/crates.io-index
directories,6.0.0,MIT OR Apache-2.0,,https://github.com/soc/directories-rs,registry+https://github.com/rust-lang/crates.io-index
dirs,4.0.0,MIT OR Apache-2.0,,https://github.com/soc/dirs-rs,registry+https://github.com/rust-lang/crates.io-index
dirs,5.0.1,MIT OR Apache-2.0,,https://github.com/soc/dirs-rs,registry+https://github.com/rust-lang/crates.io-index
dirs,6.0.0,MIT OR Apache-2.0,,https://github.com/soc/dirs-rs,registry+https://github.com/rust-lang/crates.io-index
dirs-sys,0.3.7,MIT OR Apache-2.0,,https://github.com/dirs-dev/dirs-sys-rs,registry+https://github.com/rust-lang/crates.io-index
dirs-sys,0.4.1,MIT OR Apache-2.0,,https://github.com/dirs-dev/dirs-sys-rs,registry+https://github.com/rust-lang/crates.io-index
dirs-sys,0.5.0,MIT OR Apache-2.0,,https://github.com/dirs-dev/dirs-sys-rs,registry+https://github.com/rust-lang/crates.io-index
dispatch,0.2.0,MIT,,http://github.com/SSheldon/rust-dispatch,registry+https://github.com/rust-lang/crates.io-index
dispatch2,0.3.1,Zlib OR Apache-2.0 OR MIT,,https://github.com/madsmtm/objc2,registry+https://github.com/rust-lang/crates.io-index
displaydoc,0.2.7,MIT OR Apache-2.0,,https://github.com/yaahc/displaydoc,registry+https://github.com/rust-lang/crates.io-index
dlib,0.5.3,MIT,,https://github.com/elinorbgr/dlib,registry+https://github.com/rust-lang/crates.io-index
downcast-rs,1.2.1,MIT/Apache-2.0,,https://github.com/marcianx/downcast-rs,registry+https://github.com/rust-lang/crates.io-index
dtor,0.0.6,Apache-2.0 OR MIT,,https://github.com/mmastrac/rust-ctor,registry+https://github.com/rust-lang/crates.io-index
dtor-proc-macro,0.0.5,Apache-2.0 OR MIT,,https://github.com/mmastrac/rust-ctor,registry+https://github.com/rust-lang/crates.io-index
dunce,1.0.5,CC0-1.0 OR MIT-0 OR Apache-2.0,,https://gitlab.com/kornelski/dunce,registry+https://github.com/rust-lang/crates.io-index
dwrote,0.11.5,MPL-2.0,,https://github.com/servo/dwrote-rs,registry+https://github.com/rust-lang/crates.io-index
dyn-clone,1.0.20,MIT OR Apache-2.0,,https://github.com/dtolnay/dyn-clone,registry+https://github.com/rust-lang/crates.io-index
ecdsa,0.17.0,Apache-2.0 OR MIT,,https://github.com/RustCrypto/signatures,registry+https://github.com/rust-lang/crates.io-index
ed25519,3.0.0,Apache-2.0 OR MIT,,https://github.com/RustCrypto/signatures,registry+https://github.com/rust-lang/crates.io-index
ed25519-dalek,3.0.0,BSD-3-Clause,,https://github.com/dalek-cryptography/curve25519-dalek/tree/main/ed25519-dalek,registry+https://github.com/rust-lang/crates.io-index
either,1.18.0,MIT OR Apache-2.0,,https://github.com/rayon-rs/either,registry+https://github.com/rust-lang/crates.io-index
elliptic-curve,0.14.1,Apache-2.0 OR MIT,,https://github.com/RustCrypto/traits,registry+https://github.com/rust-lang/crates.io-index
embed-resource,3.0.11,MIT,,https://github.com/nabijaczleweli/rust-embed-resource,registry+https://github.com/rust-lang/crates.io-index
encoding_rs,0.8.40,(Apache-2.0 OR MIT) AND BSD-3-Clause,,https://github.com/hsivonen/encoding_rs,registry+https://github.com/rust-lang/crates.io-index
endi,1.1.1,MIT,,https://github.com/zeenix/endi,registry+https://github.com/rust-lang/crates.io-index
enum-iterator,2.3.0,0BSD,,https://github.com/stephaneyfx/enum-iterator.git,registry+https://github.com/rust-lang/crates.io-index
enum-iterator-derive,1.5.0,0BSD,,https://github.com/stephaneyfx/enum-iterator.git,registry+https://github.com/rust-lang/crates.io-index
enum_dispatch,0.3.13,MIT OR Apache-2.0,,https://gitlab.com/antonok/enum_dispatch,registry+https://github.com/rust-lang/crates.io-index
enumflags2,0.7.12,MIT OR Apache-2.0,,https://github.com/meithecatte/enumflags2,registry+https://github.com/rust-lang/crates.io-index
enumflags2_derive,0.7.12,MIT OR Apache-2.0,,https://github.com/meithecatte/enumflags2,registry+https://github.com/rust-lang/crates.io-index
equator,0.4.2,MIT,,https://github.com/sarah-ek/equator/,registry+https://github.com/rust-lang/crates.io-index
equator-macro,0.4.2,MIT,,https://github.com/sarah-ek/equator/,registry+https://github.com/rust-lang/crates.io-index
equivalent,1.0.2,Apache-2.0 OR MIT,,https://github.com/indexmap-rs/equivalent,registry+https://github.com/rust-lang/crates.io-index
erased-serde,0.4.10,MIT OR Apache-2.0,,https://github.com/dtolnay/erased-serde,registry+https://github.com/rust-lang/crates.io-index
errno,0.3.14,MIT OR Apache-2.0,,https://github.com/lambda-fairy/rust-errno,registry+https://github.com/rust-lang/crates.io-index
etagere,0.2.15,MIT/Apache-2.0,,https://github.com/nical/etagere,registry+https://github.com/rust-lang/crates.io-index
euclid,0.22.14,MIT OR Apache-2.0,,https://github.com/servo/euclid,registry+https://github.com/rust-lang/crates.io-index
event-listener,2.5.3,Apache-2.0 OR MIT,,https://github.com/smol-rs/event-listener,registry+https://github.com/rust-lang/crates.io-index
event-listener,5.4.2,Apache-2.0 OR MIT,,https://github.com/smol-rs/event-listener,registry+https://github.com/rust-lang/crates.io-index
event-listener-strategy,0.5.4,Apache-2.0 OR MIT,,https://github.com/smol-rs/event-listener-strategy,registry+https://github.com/rust-lang/crates.io-index
exr,1.74.2,BSD-3-Clause,,https://github.com/johannesvollmer/exrs,registry+https://github.com/rust-lang/crates.io-index
fallible-iterator,0.3.0,MIT/Apache-2.0,,https://github.com/sfackler/rust-fallible-iterator,registry+https://github.com/rust-lang/crates.io-index
fallible-streaming-iterator,0.1.9,MIT/Apache-2.0,,https://github.com/sfackler/fallible-streaming-iterator,registry+https://github.com/rust-lang/crates.io-index
fastrand,1.9.0,Apache-2.0 OR MIT,,https://github.com/smol-rs/fastrand,registry+https://github.com/rust-lang/crates.io-index
fastrand,2.5.0,Apache-2.0 OR MIT,,https://github.com/smol-rs/fastrand,registry+https://github.com/rust-lang/crates.io-index
fax,0.2.7,MIT,,https://github.com/pdf-rs/fax,registry+https://github.com/rust-lang/crates.io-index
fdeflate,0.3.7,MIT OR Apache-2.0,,https://github.com/image-rs/fdeflate,registry+https://github.com/rust-lang/crates.io-index
ff,0.14.0,MIT/Apache-2.0,,https://github.com/zkcrypto/ff,registry+https://github.com/rust-lang/crates.io-index
fiat-crypto,0.3.0,MIT OR Apache-2.0 OR BSD-1-Clause,,https://github.com/mit-plv/fiat-crypto,registry+https://github.com/rust-lang/crates.io-index
filedescriptor,0.8.3,MIT,,https://github.com/wezterm/wezterm,registry+https://github.com/rust-lang/crates.io-index
filetime,0.2.29,MIT/Apache-2.0,,https://github.com/alexcrichton/filetime,registry+https://github.com/rust-lang/crates.io-index
find-msvc-tools,0.1.12,MIT OR Apache-2.0,,https://github.com/rust-lang/cc-rs,registry+https://github.com/rust-lang/crates.io-index
flate2,1.1.10,MIT OR Apache-2.0,,https://github.com/rust-lang/flate2-rs,registry+https://github.com/rust-lang/crates.io-index
float-cmp,0.9.0,MIT,,https://github.com/mikedilger/float-cmp,registry+https://github.com/rust-lang/crates.io-index
float-ord,0.3.2,MIT / Apache-2.0,,https://github.com/notriddle/rust-float-ord,registry+https://github.com/rust-lang/crates.io-index
float_next_after,1.0.0,MIT,,https://gitlab.com/bronsonbdevost/next_afterf,registry+https://github.com/rust-lang/crates.io-index
fluent-uri,0.1.4,MIT,,https://github.com/yescallop/fluent-uri-rs,registry+https://github.com/rust-lang/crates.io-index
flume,0.11.1,Apache-2.0/MIT,,https://github.com/zesterer/flume,registry+https://github.com/rust-lang/crates.io-index
fnv,1.0.7,Apache-2.0 / MIT,,https://github.com/servo/rust-fnv,registry+https://github.com/rust-lang/crates.io-index
foldhash,0.1.5,Zlib,,https://github.com/orlp/foldhash,registry+https://github.com/rust-lang/crates.io-index
foldhash,0.2.0,Zlib,,https://github.com/orlp/foldhash,registry+https://github.com/rust-lang/crates.io-index
font-types,0.12.4,MIT OR Apache-2.0,,https://github.com/googlefonts/fontations,registry+https://github.com/rust-lang/crates.io-index
fontconfig-parser,0.5.8,MIT,,https://github.com/Riey/fontconfig-parser,registry+https://github.com/rust-lang/crates.io-index
fontdb,0.16.2,MIT,,https://github.com/RazrFalcon/fontdb,registry+https://github.com/rust-lang/crates.io-index
fontdb,0.23.0,MIT,,https://github.com/RazrFalcon/fontdb,registry+https://github.com/rust-lang/crates.io-index
foreign-types,0.5.0,MIT/Apache-2.0,,https://github.com/sfackler/foreign-types,registry+https://github.com/rust-lang/crates.io-index
foreign-types-macros,0.2.4,MIT/Apache-2.0,,https://github.com/sfackler/foreign-types,registry+https://github.com/rust-lang/crates.io-index
foreign-types-shared,0.3.1,MIT/Apache-2.0,,https://github.com/sfackler/foreign-types,registry+https://github.com/rust-lang/crates.io-index
form_urlencoded,1.2.2,MIT OR Apache-2.0,,https://github.com/servo/rust-url,registry+https://github.com/rust-lang/crates.io-index
freetype-sys,0.20.1,MIT,,https://github.com/PistonDevelopers/freetype-sys.git,registry+https://github.com/rust-lang/crates.io-index
fsevent-sys,4.1.0,MIT,,https://github.com/octplane/fsevent-rust/tree/master/fsevent-sys,registry+https://github.com/rust-lang/crates.io-index
futf,0.1.5,MIT / Apache-2.0,,https://github.com/servo/futf,registry+https://github.com/rust-lang/crates.io-index
futures,0.3.34,MIT OR Apache-2.0,,https://github.com/rust-lang/futures-rs,registry+https://github.com/rust-lang/crates.io-index
futures-channel,0.3.34,MIT OR Apache-2.0,,https://github.com/rust-lang/futures-rs,registry+https://github.com/rust-lang/crates.io-index
futures-core,0.3.34,MIT OR Apache-2.0,,https://github.com/rust-lang/futures-rs,registry+https://github.com/rust-lang/crates.io-index
futures-executor,0.3.34,MIT OR Apache-2.0,,https://github.com/rust-lang/futures-rs,registry+https://github.com/rust-lang/crates.io-index
futures-io,0.3.34,MIT OR Apache-2.0,,https://github.com/rust-lang/futures-rs,registry+https://github.com/rust-lang/crates.io-index
futures-lite,1.13.0,Apache-2.0 OR MIT,,https://github.com/smol-rs/futures-lite,registry+https://github.com/rust-lang/crates.io-index
futures-lite,2.6.1,Apache-2.0 OR MIT,,https://github.com/smol-rs/futures-lite,registry+https://github.com/rust-lang/crates.io-index
futures-macro,0.3.34,MIT OR Apache-2.0,,https://github.com/rust-lang/futures-rs,registry+https://github.com/rust-lang/crates.io-index
futures-sink,0.3.34,MIT OR Apache-2.0,,https://github.com/rust-lang/futures-rs,registry+https://github.com/rust-lang/crates.io-index
futures-task,0.3.34,MIT OR Apache-2.0,,https://github.com/rust-lang/futures-rs,registry+https://github.com/rust-lang/crates.io-index
futures-util,0.3.34,MIT OR Apache-2.0,,https://github.com/rust-lang/futures-rs,registry+https://github.com/rust-lang/crates.io-index
generic-array,0.14.7,MIT,,https://github.com/fizyk20/generic-array.git,registry+https://github.com/rust-lang/crates.io-index
generic-array,1.4.5,MIT,,https://github.com/fizyk20/generic-array.git,registry+https://github.com/rust-lang/crates.io-index
gethostname,1.1.0,Apache-2.0,,https://codeberg.org/swsnr/gethostname.rs.git,registry+https://github.com/rust-lang/crates.io-index
getrandom,0.2.17,MIT OR Apache-2.0,,https://github.com/rust-random/getrandom,registry+https://github.com/rust-lang/crates.io-index
getrandom,0.3.4,MIT OR Apache-2.0,,https://github.com/rust-random/getrandom,registry+https://github.com/rust-lang/crates.io-index
getrandom,0.4.3,MIT OR Apache-2.0,,https://github.com/rust-random/getrandom,registry+https://github.com/rust-lang/crates.io-index
ghash,0.6.0,Apache-2.0 OR MIT,,https://github.com/RustCrypto/universal-hashes,registry+https://github.com/rust-lang/crates.io-index
gif,0.14.2,MIT OR Apache-2.0,,https://github.com/image-rs/image-gif,registry+https://github.com/rust-lang/crates.io-index
glob,0.3.4,MIT OR Apache-2.0,,https://github.com/rust-lang/glob,registry+https://github.com/rust-lang/crates.io-index
globset,0.4.20,Unlicense OR MIT,,https://github.com/BurntSushi/ripgrep/tree/master/crates/globset,registry+https://github.com/rust-lang/crates.io-index
globwalk,0.8.1,MIT,,https://github.com/gilnaa/globwalk,registry+https://github.com/rust-lang/crates.io-index
gloo-timers,0.3.0,MIT OR Apache-2.0,,https://github.com/rustwasm/gloo/tree/master/crates/timers,registry+https://github.com/rust-lang/crates.io-index
gloo-timers,0.4.0,MIT OR Apache-2.0,,https://github.com/rustwasm/gloo/tree/master/crates/timers,registry+https://github.com/rust-lang/crates.io-index
glow,0.16.0,MIT OR Apache-2.0 OR Zlib,,https://github.com/grovesNL/glow,registry+https://github.com/rust-lang/crates.io-index
gpu-alloc,0.6.2,MIT OR Apache-2.0,,https://github.com/zakarumych/gpu-alloc,registry+https://github.com/rust-lang/crates.io-index
gpu-alloc-ash,0.7.1,MIT OR Apache-2.0,,https://github.com/zakarumych/gpu-alloc,registry+https://github.com/rust-lang/crates.io-index
gpu-alloc-types,0.3.1,MIT OR Apache-2.0,,https://github.com/zakarumych/gpu-alloc,registry+https://github.com/rust-lang/crates.io-index
gpui,0.2.2,Apache-2.0,,https://github.com/zed-industries/zed,registry+https://github.com/rust-lang/crates.io-index
gpui-component,0.5.1,Apache-2.0,,https://github.com/longbridge/gpui-component,registry+https://github.com/rust-lang/crates.io-index
gpui-component-assets,0.5.1,Apache-2.0,,https://github.com/longbridge/gpui-component,registry+https://github.com/rust-lang/crates.io-index
gpui-component-macros,0.5.1,Apache-2.0,,,registry+https://github.com/rust-lang/crates.io-index
gpui-macros,0.2.2,Apache-2.0,,,registry+https://github.com/rust-lang/crates.io-index
gpui_collections,0.2.2,Apache-2.0,,,registry+https://github.com/rust-lang/crates.io-index
gpui_derive_refineable,0.2.2,Apache-2.0,,,registry+https://github.com/rust-lang/crates.io-index
gpui_http_client,0.2.2,Apache-2.0,,,registry+https://github.com/rust-lang/crates.io-index
gpui_media,0.2.2,Apache-2.0,,,registry+https://github.com/rust-lang/crates.io-index
gpui_perf,0.2.2,Apache-2.0,,,registry+https://github.com/rust-lang/crates.io-index
gpui_refineable,0.2.2,Apache-2.0,,,registry+https://github.com/rust-lang/crates.io-index
gpui_semantic_version,0.2.2,Apache-2.0,,,registry+https://github.com/rust-lang/crates.io-index
gpui_sum_tree,0.2.2,Apache-2.0,,,registry+https://github.com/rust-lang/crates.io-index
gpui_util,0.2.2,Apache-2.0,,,registry+https://github.com/rust-lang/crates.io-index
gpui_util_macros,0.2.2,Apache-2.0,,,registry+https://github.com/rust-lang/crates.io-index
grid,1.0.1,MIT,,https://github.com/becheran/grid,registry+https://github.com/rust-lang/crates.io-index
group,0.14.0,MIT/Apache-2.0,,https://github.com/zkcrypto/group,registry+https://github.com/rust-lang/crates.io-index
h2,0.4.19,MIT,,https://github.com/hyperium/h2,registry+https://github.com/rust-lang/crates.io-index
half,2.7.1,MIT OR Apache-2.0,,https://github.com/VoidStarKat/half-rs,registry+https://github.com/rust-lang/crates.io-index
hashbrown,0.14.5,MIT OR Apache-2.0,,https://github.com/rust-lang/hashbrown,registry+https://github.com/rust-lang/crates.io-index
hashbrown,0.15.5,MIT OR Apache-2.0,,https://github.com/rust-lang/hashbrown,registry+https://github.com/rust-lang/crates.io-index
hashbrown,0.16.1,MIT OR Apache-2.0,,https://github.com/rust-lang/hashbrown,registry+https://github.com/rust-lang/crates.io-index
hashbrown,0.17.1,MIT OR Apache-2.0,,https://github.com/rust-lang/hashbrown,registry+https://github.com/rust-lang/crates.io-index
hashlink,0.11.1,MIT OR Apache-2.0,,https://github.com/djc/hashlink,registry+https://github.com/rust-lang/crates.io-index
heck,0.4.1,MIT OR Apache-2.0,,https://github.com/withoutboats/heck,registry+https://github.com/rust-lang/crates.io-index
heck,0.5.0,MIT OR Apache-2.0,,https://github.com/withoutboats/heck,registry+https://github.com/rust-lang/crates.io-index
hermit-abi,0.5.3,MIT OR Apache-2.0,,https://github.com/hermit-os/hermit-rs,registry+https://github.com/rust-lang/crates.io-index
hex,0.4.3,MIT OR Apache-2.0,,https://github.com/KokaKiwi/rust-hex,registry+https://github.com/rust-lang/crates.io-index
hex-literal,1.1.0,MIT OR Apache-2.0,,https://github.com/RustCrypto/utils,registry+https://github.com/rust-lang/crates.io-index
hexf-parse,0.2.1,CC0-1.0,,https://github.com/lifthrasiir/hexf,registry+https://github.com/rust-lang/crates.io-index
hidden-trait,0.1.2,MIT,,https://github.com/kvark/hidden-trait,registry+https://github.com/rust-lang/crates.io-index
hkdf,0.12.4,MIT OR Apache-2.0,,https://github.com/RustCrypto/KDFs/,registry+https://github.com/rust-lang/crates.io-index
hkdf,0.13.0,MIT OR Apache-2.0,,https://github.com/RustCrypto/KDFs/,registry+https://github.com/rust-lang/crates.io-index
hmac,0.12.1,MIT OR Apache-2.0,,https://github.com/RustCrypto/MACs,registry+https://github.com/rust-lang/crates.io-index
hmac,0.13.0,MIT OR Apache-2.0,,https://github.com/RustCrypto/MACs,registry+https://github.com/rust-lang/crates.io-index
home,0.5.12,MIT OR Apache-2.0,,https://github.com/rust-lang/cargo,registry+https://github.com/rust-lang/crates.io-index
html5ever,0.27.0,MIT OR Apache-2.0,,https://github.com/servo/html5ever,registry+https://github.com/rust-lang/crates.io-index
http,1.5.0,MIT OR Apache-2.0,,https://github.com/hyperium/http,registry+https://github.com/rust-lang/crates.io-index
http-body,1.1.0,MIT,,https://github.com/hyperium/http-body,registry+https://github.com/rust-lang/crates.io-index
http-body-util,0.1.5,MIT,,https://github.com/hyperium/http-body,registry+https://github.com/rust-lang/crates.io-index
httparse,1.10.1,MIT OR Apache-2.0,,https://github.com/seanmonstar/httparse,registry+https://github.com/rust-lang/crates.io-index
hybrid-array,0.4.14,MIT OR Apache-2.0,,https://github.com/RustCrypto/hybrid-array,registry+https://github.com/rust-lang/crates.io-index
hyper,1.11.1,MIT,,https://github.com/hyperium/hyper,registry+https://github.com/rust-lang/crates.io-index
hyper-rustls,0.27.9,Apache-2.0 OR ISC OR MIT,,https://github.com/rustls/hyper-rustls,registry+https://github.com/rust-lang/crates.io-index
hyper-util,0.1.20,MIT,,https://github.com/hyperium/hyper-util,registry+https://github.com/rust-lang/crates.io-index
iana-time-zone,0.1.65,MIT OR Apache-2.0,,https://github.com/strawlab/iana-time-zone,registry+https://github.com/rust-lang/crates.io-index
iana-time-zone-haiku,0.1.2,MIT OR Apache-2.0,,https://github.com/strawlab/iana-time-zone,registry+https://github.com/rust-lang/crates.io-index
icu_collections,2.3.0,Unicode-3.0,,https://github.com/unicode-org/icu4x,registry+https://github.com/rust-lang/crates.io-index
icu_locale_core,2.3.0,Unicode-3.0,,https://github.com/unicode-org/icu4x,registry+https://github.com/rust-lang/crates.io-index
icu_normalizer,2.3.0,Unicode-3.0,,https://github.com/unicode-org/icu4x,registry+https://github.com/rust-lang/crates.io-index
icu_normalizer_data,2.3.0,Unicode-3.0,,https://github.com/unicode-org/icu4x,registry+https://github.com/rust-lang/crates.io-index
icu_properties,2.3.0,Unicode-3.0,,https://github.com/unicode-org/icu4x,registry+https://github.com/rust-lang/crates.io-index
icu_properties_data,2.3.0,Unicode-3.0,,https://github.com/unicode-org/icu4x,registry+https://github.com/rust-lang/crates.io-index
icu_provider,2.3.1,Unicode-3.0,,https://github.com/unicode-org/icu4x,registry+https://github.com/rust-lang/crates.io-index
idna,1.1.0,MIT OR Apache-2.0,,https://github.com/servo/rust-url/,registry+https://github.com/rust-lang/crates.io-index
idna_adapter,1.2.2,Apache-2.0 OR MIT,,https://github.com/hsivonen/idna_adapter,registry+https://github.com/rust-lang/crates.io-index
ignore,0.4.33,Unlicense OR MIT,,https://github.com/BurntSushi/ripgrep/tree/master/crates/ignore,registry+https://github.com/rust-lang/crates.io-index
image,0.25.10,MIT OR Apache-2.0,,https://github.com/image-rs/image,registry+https://github.com/rust-lang/crates.io-index
image-webp,0.2.4,MIT OR Apache-2.0,,https://github.com/image-rs/image-webp,registry+https://github.com/rust-lang/crates.io-index
imagesize,0.13.0,MIT,,https://github.com/Roughsketch/imagesize,registry+https://github.com/rust-lang/crates.io-index
imgref,1.12.3,CC0-1.0 OR Apache-2.0,,https://github.com/kornelski/imgref,registry+https://github.com/rust-lang/crates.io-index
indexmap,2.14.2,Apache-2.0 OR MIT,,https://github.com/indexmap-rs/indexmap,registry+https://github.com/rust-lang/crates.io-index
inotify,0.10.2,ISC,,https://github.com/hannobraun/inotify,registry+https://github.com/rust-lang/crates.io-index
inotify-sys,0.1.8,ISC,,https://github.com/hannobraun/inotify-sys,registry+https://github.com/rust-lang/crates.io-index
inout,0.1.4,MIT OR Apache-2.0,,https://github.com/RustCrypto/utils,registry+https://github.com/rust-lang/crates.io-index
inout,0.2.2,MIT OR Apache-2.0,,https://github.com/RustCrypto/utils,registry+https://github.com/rust-lang/crates.io-index
instant,0.1.13,BSD-3-Clause,,https://github.com/sebcrozet/instant,registry+https://github.com/rust-lang/crates.io-index
internal-russh-num-bigint,0.5.0,MIT OR Apache-2.0,,https://github.com/rust-num/num-bigint,registry+https://github.com/rust-lang/crates.io-index
interpolate_name,0.2.4,MIT,,https://github.com/lu-zero/interpolate_name,registry+https://github.com/rust-lang/crates.io-index
inventory,0.3.24,MIT OR Apache-2.0,,https://github.com/dtolnay/inventory,registry+https://github.com/rust-lang/crates.io-index
io-surface,0.16.1,MIT OR Apache-2.0,,https://github.com/servo/core-foundation-rs,registry+https://github.com/rust-lang/crates.io-index
ipnet,2.12.2,MIT OR Apache-2.0,,https://github.com/krisprice/ipnet,registry+https://github.com/rust-lang/crates.io-index
is-docker,0.2.0,MIT,,https://github.com/TheLarkInn/is-docker,registry+https://github.com/rust-lang/crates.io-index
is-wsl,0.4.0,MIT,,https://github.com/TheLarkInn/is-wsl,registry+https://github.com/rust-lang/crates.io-index
itertools,0.11.0,MIT OR Apache-2.0,,https://github.com/rust-itertools/itertools,registry+https://github.com/rust-lang/crates.io-index
itertools,0.13.0,MIT OR Apache-2.0,,https://github.com/rust-itertools/itertools,registry+https://github.com/rust-lang/crates.io-index
itertools,0.14.0,MIT OR Apache-2.0,,https://github.com/rust-itertools/itertools,registry+https://github.com/rust-lang/crates.io-index
itoa,1.0.18,MIT OR Apache-2.0,,https://github.com/dtolnay/itoa,registry+https://github.com/rust-lang/crates.io-index
jobserver,0.1.35,MIT OR Apache-2.0,,https://github.com/rust-lang/jobserver-rs,registry+https://github.com/rust-lang/crates.io-index
js-sys,0.3.105,MIT OR Apache-2.0,,https://github.com/wasm-bindgen/wasm-bindgen/tree/master/crates/js-sys,registry+https://github.com/rust-lang/crates.io-index
keccak,0.2.2,Apache-2.0 OR MIT,,https://github.com/RustCrypto/sponges,registry+https://github.com/rust-lang/crates.io-index
kem,0.3.0,Apache-2.0 OR MIT,,https://github.com/RustCrypto/traits,registry+https://github.com/rust-lang/crates.io-index
khronos-egl,6.0.0,MIT/Apache-2.0,,https://github.com/timothee-haudebourg/khronos-egl,registry+https://github.com/rust-lang/crates.io-index
kqueue,1.2.1,MIT,,https://gitlab.com/rust-kqueue/rust-kqueue,registry+https://github.com/rust-lang/crates.io-index
kqueue-sys,1.1.2,MIT,,https://gitlab.com/rust-kqueue/rust-kqueue-sys,registry+https://github.com/rust-lang/crates.io-index
kurbo,0.11.3,Apache-2.0 OR MIT,,https://github.com/linebender/kurbo,registry+https://github.com/rust-lang/crates.io-index
kv-log-macro,1.0.7,MIT OR Apache-2.0,,https://github.com/yoshuawuyts/kv-log-macro,registry+https://github.com/rust-lang/crates.io-index
lazy_static,1.5.0,MIT OR Apache-2.0,,https://github.com/rust-lang-nursery/lazy-static.rs,registry+https://github.com/rust-lang/crates.io-index
leak,0.1.2,Apache-2.0 OR MIT,,https://github.com/jmesmon/leak.git,registry+https://github.com/rust-lang/crates.io-index
leaky-cow,0.1.1,MIT / Apache-2.0,,https://github.com/notriddle/rust-leaky-cow,registry+https://github.com/rust-lang/crates.io-index
lebe,0.5.3,BSD-3-Clause,,https://github.com/johannesvollmer/lebe,registry+https://github.com/rust-lang/crates.io-index
libc,0.2.189,MIT OR Apache-2.0,,https://github.com/rust-lang/libc,registry+https://github.com/rust-lang/crates.io-index
libfuzzer-sys,0.4.13,(MIT OR Apache-2.0) AND NCSA,,https://github.com/rust-fuzz/libfuzzer,registry+https://github.com/rust-lang/crates.io-index
libloading,0.8.9,ISC,,https://github.com/nagisa/rust_libloading/,registry+https://github.com/rust-lang/crates.io-index
libm,0.2.16,MIT,,https://github.com/rust-lang/compiler-builtins,registry+https://github.com/rust-lang/crates.io-index
libredox,0.1.23,MIT,,https://gitlab.redox-os.org/redox-os/libredox.git,registry+https://github.com/rust-lang/crates.io-index
libsqlite3-sys,0.36.0,MIT,,https://github.com/rusqlite/rusqlite,registry+https://github.com/rust-lang/crates.io-index
linux-raw-sys,0.12.1,Apache-2.0 WITH LLVM-exception OR Apache-2.0 OR MIT,,https://github.com/sunfishcode/linux-raw-sys,registry+https://github.com/rust-lang/crates.io-index
linux-raw-sys,0.4.15,Apache-2.0 WITH LLVM-exception OR Apache-2.0 OR MIT,,https://github.com/sunfishcode/linux-raw-sys,registry+https://github.com/rust-lang/crates.io-index
litemap,0.8.3,Unicode-3.0,,https://github.com/unicode-org/icu4x,registry+https://github.com/rust-lang/crates.io-index
lock_api,0.4.14,MIT OR Apache-2.0,,https://github.com/Amanieu/parking_lot,registry+https://github.com/rust-lang/crates.io-index
log,0.4.34,MIT OR Apache-2.0,,https://github.com/rust-lang/log,registry+https://github.com/rust-lang/crates.io-index
loop9,0.1.5,MIT,,https://gitlab.com/kornelski/loop9.git,registry+https://github.com/rust-lang/crates.io-index
lru-slab,0.1.2,MIT OR Apache-2.0 OR Zlib,,https://github.com/Ralith/lru-slab,registry+https://github.com/rust-lang/crates.io-index
lsp-types,0.97.0,MIT,,https://github.com/gluon-lang/lsp-types,registry+https://github.com/rust-lang/crates.io-index
lyon,1.0.19,MIT OR Apache-2.0,,https://github.com/nical/lyon,registry+https://github.com/rust-lang/crates.io-index
lyon_algorithms,1.0.21,MIT OR Apache-2.0,,https://github.com/nical/lyon,registry+https://github.com/rust-lang/crates.io-index
lyon_geom,1.0.19,MIT OR Apache-2.0,,https://github.com/nical/lyon,registry+https://github.com/rust-lang/crates.io-index
lyon_path,1.0.19,MIT OR Apache-2.0,,https://github.com/nical/lyon,registry+https://github.com/rust-lang/crates.io-index
lyon_tessellation,1.0.22,MIT OR Apache-2.0,,https://github.com/nical/lyon,registry+https://github.com/rust-lang/crates.io-index
mac,0.1.1,MIT/Apache-2.0,,https://github.com/reem/rust-mac.git,registry+https://github.com/rust-lang/crates.io-index
malloc_buf,0.0.6,MIT,,https://github.com/SSheldon/malloc_buf,registry+https://github.com/rust-lang/crates.io-index
mantash,1.1.0,GPL-3.0-or-later,,,MantaSH workspace
markdown,1.0.0,MIT,,https://github.com/wooorm/markdown-rs,registry+https://github.com/rust-lang/crates.io-index
markup5ever,0.12.1,MIT OR Apache-2.0,,https://github.com/servo/html5ever,registry+https://github.com/rust-lang/crates.io-index
markup5ever_rcdom,0.3.0,MIT OR Apache-2.0,,https://github.com/servo/html5ever,registry+https://github.com/rust-lang/crates.io-index
maybe-rayon,0.1.1,MIT,,https://github.com/shssoichiro/maybe-rayon,registry+https://github.com/rust-lang/crates.io-index
md-5,0.10.6,MIT OR Apache-2.0,,https://github.com/RustCrypto/hashes,registry+https://github.com/rust-lang/crates.io-index
md5,0.8.1,Apache-2.0 OR MIT,,https://github.com/stainless-steel/md5,registry+https://github.com/rust-lang/crates.io-index
memchr,2.8.3,Unlicense OR MIT,,https://github.com/BurntSushi/memchr,registry+https://github.com/rust-lang/crates.io-index
memmap2,0.9.11,MIT OR Apache-2.0,,https://github.com/RazrFalcon/memmap2-rs,registry+https://github.com/rust-lang/crates.io-index
memoffset,0.9.1,MIT,,https://github.com/Gilnaa/memoffset,registry+https://github.com/rust-lang/crates.io-index
metal,0.29.0,MIT OR Apache-2.0,,https://github.com/gfx-rs/metal-rs,registry+https://github.com/rust-lang/crates.io-index
mime,0.3.17,MIT OR Apache-2.0,,https://github.com/hyperium/mime,registry+https://github.com/rust-lang/crates.io-index
mime_guess,2.0.5,MIT,,https://github.com/abonander/mime_guess,registry+https://github.com/rust-lang/crates.io-index
minimal-lexical,0.2.1,MIT/Apache-2.0,,https://github.com/Alexhuszagh/minimal-lexical,registry+https://github.com/rust-lang/crates.io-index
miniz_oxide,0.8.9,MIT OR Zlib OR Apache-2.0,,https://github.com/Frommi/miniz_oxide/tree/master/miniz_oxide,registry+https://github.com/rust-lang/crates.io-index
miniz_oxide,0.9.1,MIT OR Zlib OR Apache-2.0,,https://github.com/Frommi/miniz_oxide/tree/master/miniz_oxide,registry+https://github.com/rust-lang/crates.io-index
mint,0.5.9,MIT,,https://github.com/kvark/mint,registry+https://github.com/rust-lang/crates.io-index
mio,1.2.3,MIT,,https://github.com/tokio-rs/mio,registry+https://github.com/rust-lang/crates.io-index
miow,0.6.1,MIT OR Apache-2.0,,https://github.com/yoshuawuyts/miow,registry+https://github.com/rust-lang/crates.io-index
ml-kem,0.3.2,Apache-2.0 OR MIT,,https://github.com/RustCrypto/KEMs,registry+https://github.com/rust-lang/crates.io-index
module-lattice,0.2.3,Apache-2.0 OR MIT,,https://github.com/RustCrypto/KEMs,registry+https://github.com/rust-lang/crates.io-index
moxcms,0.8.1,BSD-3-Clause OR Apache-2.0,,https://github.com/awxkee/moxcms.git,registry+https://github.com/rust-lang/crates.io-index
multiversion,0.8.0,MIT OR Apache-2.0,,https://github.com/calebzulawski/multiversion,registry+https://github.com/rust-lang/crates.io-index
multiversion-macros,0.8.0,MIT OR Apache-2.0,,https://github.com/calebzulawski/multiversion,registry+https://github.com/rust-lang/crates.io-index
multiversion_no_op,1.0.0,Apache-2.0 OR MIT,,https://github.com/hsivonen/multiversion_no_op,registry+https://github.com/rust-lang/crates.io-index
naga,25.0.1,MIT OR Apache-2.0,,https://github.com/gfx-rs/wgpu/tree/trunk/naga,registry+https://github.com/rust-lang/crates.io-index
nanorand,0.7.0,Zlib,,https://github.com/Absolucy/nanorand-rs,registry+https://github.com/rust-lang/crates.io-index
new_debug_unreachable,1.0.6,MIT,,https://github.com/mbrubeck/rust-debug-unreachable,registry+https://github.com/rust-lang/crates.io-index
nix,0.28.0,MIT,,https://github.com/nix-rust/nix,registry+https://github.com/rust-lang/crates.io-index
nix,0.29.0,MIT,,https://github.com/nix-rust/nix,registry+https://github.com/rust-lang/crates.io-index
nix,0.31.3,MIT,,https://github.com/nix-rust/nix,registry+https://github.com/rust-lang/crates.io-index
no_std_io2,0.9.4,Apache-2.0 OR MIT,,https://github.com/wcampbell0x2a/no-std-io2,registry+https://github.com/rust-lang/crates.io-index
nom,7.1.3,MIT,,https://github.com/Geal/nom,registry+https://github.com/rust-lang/crates.io-index
nom,8.0.0,MIT,,https://github.com/rust-bakery/nom,registry+https://github.com/rust-lang/crates.io-index
noop_proc_macro,0.3.0,MIT,,https://github.com/lu-zero/noop_proc_macro,registry+https://github.com/rust-lang/crates.io-index
normpath,1.5.1,MIT OR Apache-2.0,,https://github.com/dylni/normpath,registry+https://github.com/rust-lang/crates.io-index
notify,7.0.0,CC0-1.0,,https://github.com/notify-rs/notify.git,registry+https://github.com/rust-lang/crates.io-index
notify-types,1.0.1,MIT OR Apache-2.0,,https://github.com/notify-rs/notify.git,registry+https://github.com/rust-lang/crates.io-index
ntapi,0.4.3,Apache-2.0 OR MIT,,https://github.com/MSxDOS/ntapi,registry+https://github.com/rust-lang/crates.io-index
num,0.4.3,MIT OR Apache-2.0,,https://github.com/rust-num/num,registry+https://github.com/rust-lang/crates.io-index
num-bigint,0.4.8,MIT OR Apache-2.0,,https://github.com/rust-num/num-bigint,registry+https://github.com/rust-lang/crates.io-index
num-bigint-dig,0.8.6,MIT/Apache-2.0,,https://github.com/dignifiedquire/num-bigint,registry+https://github.com/rust-lang/crates.io-index
num-complex,0.4.6,MIT OR Apache-2.0,,https://github.com/rust-num/num-complex,registry+https://github.com/rust-lang/crates.io-index
num-derive,0.4.2,MIT OR Apache-2.0,,https://github.com/rust-num/num-derive,registry+https://github.com/rust-lang/crates.io-index
num-integer,0.1.47,MIT OR Apache-2.0,,https://github.com/rust-num/num-integer,registry+https://github.com/rust-lang/crates.io-index
num-iter,0.1.46,MIT OR Apache-2.0,,https://github.com/rust-num/num-iter,registry+https://github.com/rust-lang/crates.io-index
num-rational,0.4.2,MIT OR Apache-2.0,,https://github.com/rust-num/num-rational,registry+https://github.com/rust-lang/crates.io-index
num-traits,0.2.19,MIT OR Apache-2.0,,https://github.com/rust-num/num-traits,registry+https://github.com/rust-lang/crates.io-index
num_cpus,1.17.0,MIT OR Apache-2.0,,https://github.com/seanmonstar/num_cpus,registry+https://github.com/rust-lang/crates.io-index
objc,0.2.7,MIT,,http://github.com/SSheldon/rust-objc,registry+https://github.com/rust-lang/crates.io-index
objc-foundation,0.1.1,MIT,,http://github.com/SSheldon/rust-objc-foundation,registry+https://github.com/rust-lang/crates.io-index
objc2,0.6.4,MIT,,https://github.com/madsmtm/objc2,registry+https://github.com/rust-lang/crates.io-index
objc2-app-kit,0.3.2,Zlib OR Apache-2.0 OR MIT,,https://github.com/madsmtm/objc2,registry+https://github.com/rust-lang/crates.io-index
objc2-core-foundation,0.3.2,Zlib OR Apache-2.0 OR MIT,,https://github.com/madsmtm/objc2,registry+https://github.com/rust-lang/crates.io-index
objc2-encode,4.1.0,MIT,,https://github.com/madsmtm/objc2,registry+https://github.com/rust-lang/crates.io-index
objc2-foundation,0.3.2,MIT,,https://github.com/madsmtm/objc2,registry+https://github.com/rust-lang/crates.io-index
objc2-metal,0.3.2,Zlib OR Apache-2.0 OR MIT,,https://github.com/madsmtm/objc2,registry+https://github.com/rust-lang/crates.io-index
objc2-quartz-core,0.3.2,Zlib OR Apache-2.0 OR MIT,,https://github.com/madsmtm/objc2,registry+https://github.com/rust-lang/crates.io-index
objc2-ui-kit,0.3.2,Zlib OR Apache-2.0 OR MIT,,https://github.com/madsmtm/objc2,registry+https://github.com/rust-lang/crates.io-index
objc_exception,0.1.2,MIT,,http://github.com/SSheldon/rust-objc-exception,registry+https://github.com/rust-lang/crates.io-index
objc_id,0.1.1,MIT,,http://github.com/SSheldon/rust-objc-id,registry+https://github.com/rust-lang/crates.io-index
object,0.39.1,Apache-2.0 OR MIT,,https://github.com/gimli-rs/object,registry+https://github.com/rust-lang/crates.io-index
once_cell,1.21.4,MIT OR Apache-2.0,,https://github.com/matklad/once_cell,registry+https://github.com/rust-lang/crates.io-index
oo7,0.5.0,MIT,,https://github.com/bilelmoussaoui/oo7,registry+https://github.com/rust-lang/crates.io-index
open,5.4.3,MIT,,https://github.com/Byron/open-rs,registry+https://github.com/rust-lang/crates.io-index
openssl-probe,0.2.1,MIT OR Apache-2.0,,https://github.com/rustls/openssl-probe,registry+https://github.com/rust-lang/crates.io-index
option-ext,0.2.0,MPL-2.0,,https://github.com/soc/option-ext.git,registry+https://github.com/rust-lang/crates.io-index
ordered-stream,0.2.0,MIT OR Apache-2.0,,https://github.com/danieldg/ordered-stream,registry+https://github.com/rust-lang/crates.io-index
p256,0.14.0,Apache-2.0 OR MIT,,https://github.com/RustCrypto/elliptic-curves,registry+https://github.com/rust-lang/crates.io-index
p384,0.14.0,Apache-2.0 OR MIT,,https://github.com/RustCrypto/elliptic-curves,registry+https://github.com/rust-lang/crates.io-index
p521,0.14.0,Apache-2.0 OR MIT,,https://github.com/RustCrypto/elliptic-curves,registry+https://github.com/rust-lang/crates.io-index
pageant,0.2.2,Apache-2.0,,https://github.com/warp-tech/russh,registry+https://github.com/rust-lang/crates.io-index
parking,2.2.1,Apache-2.0 OR MIT,,https://github.com/smol-rs/parking,registry+https://github.com/rust-lang/crates.io-index
parking_lot,0.12.5,MIT OR Apache-2.0,,https://github.com/Amanieu/parking_lot,registry+https://github.com/rust-lang/crates.io-index
parking_lot_core,0.9.12,MIT OR Apache-2.0,,https://github.com/Amanieu/parking_lot,registry+https://github.com/rust-lang/crates.io-index
password-hash,0.6.1,MIT OR Apache-2.0,,https://github.com/RustCrypto/traits,registry+https://github.com/rust-lang/crates.io-index
paste,1.0.15,MIT OR Apache-2.0,,https://github.com/dtolnay/paste,registry+https://github.com/rust-lang/crates.io-index
pastey,0.1.1,MIT OR Apache-2.0,,https://github.com/as1100k/pastey,registry+https://github.com/rust-lang/crates.io-index
pathfinder_geometry,0.5.1,MIT/Apache-2.0,,https://github.com/servo/pathfinder,registry+https://github.com/rust-lang/crates.io-index
pathfinder_simd,0.5.6,MIT OR Apache-2.0,,https://github.com/servo/pathfinder,registry+https://github.com/rust-lang/crates.io-index
pbkdf2,0.12.2,MIT OR Apache-2.0,,https://github.com/RustCrypto/password-hashes/tree/master/pbkdf2,registry+https://github.com/rust-lang/crates.io-index
pbkdf2,0.13.0,MIT OR Apache-2.0,,https://github.com/RustCrypto/password-hashes,registry+https://github.com/rust-lang/crates.io-index
pem-rfc7468,1.0.0,Apache-2.0 OR MIT,,https://github.com/RustCrypto/formats,registry+https://github.com/rust-lang/crates.io-index
percent-encoding,2.3.2,MIT OR Apache-2.0,,https://github.com/servo/rust-url/,registry+https://github.com/rust-lang/crates.io-index
phc,0.6.1,Apache-2.0 OR MIT,,https://github.com/RustCrypto/formats,registry+https://github.com/rust-lang/crates.io-index
phf,0.11.3,MIT,,https://github.com/rust-phf/rust-phf,registry+https://github.com/rust-lang/crates.io-index
phf_codegen,0.11.3,MIT,,https://github.com/rust-phf/rust-phf,registry+https://github.com/rust-lang/crates.io-index
phf_generator,0.11.3,MIT,,https://github.com/rust-phf/rust-phf,registry+https://github.com/rust-lang/crates.io-index
phf_shared,0.11.3,MIT,,https://github.com/rust-phf/rust-phf,registry+https://github.com/rust-lang/crates.io-index
pico-args,0.5.0,MIT,,https://github.com/RazrFalcon/pico-args,registry+https://github.com/rust-lang/crates.io-index
pin-project,1.1.13,Apache-2.0 OR MIT,,https://github.com/taiki-e/pin-project,registry+https://github.com/rust-lang/crates.io-index
pin-project-internal,1.1.13,Apache-2.0 OR MIT,,https://github.com/taiki-e/pin-project,registry+https://github.com/rust-lang/crates.io-index
pin-project-lite,0.2.17,Apache-2.0 OR MIT,,https://github.com/taiki-e/pin-project-lite,registry+https://github.com/rust-lang/crates.io-index
pin-utils,0.1.0,MIT OR Apache-2.0,,https://github.com/rust-lang-nursery/pin-utils,registry+https://github.com/rust-lang/crates.io-index
piper,0.2.5,MIT OR Apache-2.0,,https://github.com/smol-rs/piper,registry+https://github.com/rust-lang/crates.io-index
pkcs5,0.8.1,Apache-2.0 OR MIT,,https://github.com/RustCrypto/formats,registry+https://github.com/rust-lang/crates.io-index
pkcs8,0.11.0,Apache-2.0 OR MIT,,https://github.com/RustCrypto/formats,registry+https://github.com/rust-lang/crates.io-index
pkg-config,0.3.34,MIT OR Apache-2.0,,https://github.com/rust-lang/pkg-config-rs,registry+https://github.com/rust-lang/crates.io-index
png,0.17.16,MIT OR Apache-2.0,,https://github.com/image-rs/image-png,registry+https://github.com/rust-lang/crates.io-index
png,0.18.1,MIT OR Apache-2.0,,https://github.com/image-rs/image-png,registry+https://github.com/rust-lang/crates.io-index
polling,3.11.0,Apache-2.0 OR MIT,,https://github.com/smol-rs/polling,registry+https://github.com/rust-lang/crates.io-index
pollster,0.2.5,Apache-2.0/MIT,,https://github.com/zesterer/pollster,registry+https://github.com/rust-lang/crates.io-index
pollster,0.4.0,Apache-2.0/MIT,,https://github.com/zesterer/pollster,registry+https://github.com/rust-lang/crates.io-index
poly1305,0.9.1,Apache-2.0 OR MIT,,https://github.com/RustCrypto/universal-hashes,registry+https://github.com/rust-lang/crates.io-index
polyval,0.7.3,Apache-2.0 OR MIT,,https://github.com/RustCrypto/universal-hashes,registry+https://github.com/rust-lang/crates.io-index
portable-pty,0.9.0,MIT,,https://github.com/wezterm/wezterm,registry+https://github.com/rust-lang/crates.io-index
postage,0.5.0,MIT,,https://github.com/austinjones/postage-rs,registry+https://github.com/rust-lang/crates.io-index
potential_utf,0.1.6,Unicode-3.0,,https://github.com/unicode-org/icu4x,registry+https://github.com/rust-lang/crates.io-index
ppv-lite86,0.2.21,MIT OR Apache-2.0,,https://github.com/cryptocorrosion/cryptocorrosion,registry+https://github.com/rust-lang/crates.io-index
precomputed-hash,0.1.1,MIT,,https://github.com/emilio/precomputed-hash,registry+https://github.com/rust-lang/crates.io-index
prettyplease,0.2.37,MIT OR Apache-2.0,,https://github.com/dtolnay/prettyplease,registry+https://github.com/rust-lang/crates.io-index
primefield,0.14.0,Apache-2.0 OR MIT,,https://github.com/RustCrypto/elliptic-curves,registry+https://github.com/rust-lang/crates.io-index
primeorder,0.14.0,Apache-2.0 OR MIT,,https://github.com/RustCrypto/elliptic-curves,registry+https://github.com/rust-lang/crates.io-index
proc-macro-crate,3.5.0,MIT OR Apache-2.0,,https://github.com/bkchr/proc-macro-crate,registry+https://github.com/rust-lang/crates.io-index
proc-macro-error-attr2,2.0.0,MIT OR Apache-2.0,,https://github.com/GnomedDev/proc-macro-error-2,registry+https://github.com/rust-lang/crates.io-index
proc-macro-error2,2.0.1,MIT OR Apache-2.0,,https://github.com/GnomedDev/proc-macro-error-2,registry+https://github.com/rust-lang/crates.io-index
proc-macro2,1.0.107,MIT OR Apache-2.0,,https://github.com/dtolnay/proc-macro2,registry+https://github.com/rust-lang/crates.io-index
profiling,1.0.18,MIT OR Apache-2.0,,https://github.com/aclysma/profiling,registry+https://github.com/rust-lang/crates.io-index
profiling-procmacros,1.0.18,MIT OR Apache-2.0,,https://github.com/aclysma/profiling,registry+https://github.com/rust-lang/crates.io-index
psm,0.1.32,MIT OR Apache-2.0,,https://github.com/rust-lang/stacker/,registry+https://github.com/rust-lang/crates.io-index
pulp,0.22.3,MIT,,https://github.com/sarah-quinones/pulp/,registry+https://github.com/rust-lang/crates.io-index
pulp-wasm-simd-flag,0.1.1,MIT,,https://github.com/sarah-quinones/pulp/,registry+https://github.com/rust-lang/crates.io-index
pxfm,0.1.30,BSD-3-Clause OR Apache-2.0,,https://github.com/awxkee/pxfm,registry+https://github.com/rust-lang/crates.io-index
qoi,0.4.1,MIT/Apache-2.0,,https://github.com/aldanor/qoi-rust,registry+https://github.com/rust-lang/crates.io-index
quick-error,2.0.1,MIT/Apache-2.0,,http://github.com/tailhook/quick-error,registry+https://github.com/rust-lang/crates.io-index
quick-xml,0.41.0,MIT,,https://github.com/tafia/quick-xml,registry+https://github.com/rust-lang/crates.io-index
quinn,0.11.11,MIT OR Apache-2.0,,https://github.com/quinn-rs/quinn,registry+https://github.com/rust-lang/crates.io-index
quinn-proto,0.11.17,MIT OR Apache-2.0,,https://github.com/quinn-rs/quinn,registry+https://github.com/rust-lang/crates.io-index
quinn-udp,0.5.15,MIT OR Apache-2.0,,https://github.com/quinn-rs/quinn,registry+https://github.com/rust-lang/crates.io-index
quote,1.0.47,MIT OR Apache-2.0,,https://github.com/dtolnay/quote,registry+https://github.com/rust-lang/crates.io-index
r-efi,5.3.0,MIT OR Apache-2.0 OR LGPL-2.1-or-later,,https://github.com/r-efi/r-efi,registry+https://github.com/rust-lang/crates.io-index
r-efi,6.0.0,MIT OR Apache-2.0 OR LGPL-2.1-or-later,,https://github.com/r-efi/r-efi,registry+https://github.com/rust-lang/crates.io-index
rand,0.10.2,MIT OR Apache-2.0,,https://github.com/rust-random/rand,registry+https://github.com/rust-lang/crates.io-index
rand,0.8.8,MIT OR Apache-2.0,,https://github.com/rust-random/rand,registry+https://github.com/rust-lang/crates.io-index
rand,0.9.5,MIT OR Apache-2.0,,https://github.com/rust-random/rand,registry+https://github.com/rust-lang/crates.io-index
rand_chacha,0.3.1,MIT OR Apache-2.0,,https://github.com/rust-random/rand,registry+https://github.com/rust-lang/crates.io-index
rand_chacha,0.9.0,MIT OR Apache-2.0,,https://github.com/rust-random/rand,registry+https://github.com/rust-lang/crates.io-index
rand_core,0.10.1,MIT OR Apache-2.0,,https://github.com/rust-random/rand_core,registry+https://github.com/rust-lang/crates.io-index
rand_core,0.6.4,MIT OR Apache-2.0,,https://github.com/rust-random/rand,registry+https://github.com/rust-lang/crates.io-index
rand_core,0.9.5,MIT OR Apache-2.0,,https://github.com/rust-random/rand,registry+https://github.com/rust-lang/crates.io-index
rand_pcg,0.10.2,MIT OR Apache-2.0,,https://github.com/rust-random/rngs,registry+https://github.com/rust-lang/crates.io-index
rangemap,1.8.0,MIT/Apache-2.0,,https://github.com/jeffparsons/rangemap,registry+https://github.com/rust-lang/crates.io-index
rav1e,0.8.1,BSD-2-Clause,,https://github.com/xiph/rav1e/,registry+https://github.com/rust-lang/crates.io-index
ravif,0.13.0,BSD-3-Clause,,https://github.com/kornelski/cavif-rs,registry+https://github.com/rust-lang/crates.io-index
raw-cpuid,11.6.0,MIT,,https://github.com/gz/rust-cpuid,registry+https://github.com/rust-lang/crates.io-index
raw-window-handle,0.6.2,MIT OR Apache-2.0 OR Zlib,,https://github.com/rust-windowing/raw-window-handle,registry+https://github.com/rust-lang/crates.io-index
raw-window-metal,0.4.0,MIT OR Apache-2.0,,https://github.com/norse-rs/raw-window-metal,registry+https://github.com/rust-lang/crates.io-index
rayon,1.12.0,MIT OR Apache-2.0,,https://github.com/rayon-rs/rayon,registry+https://github.com/rust-lang/crates.io-index
rayon-core,1.13.0,MIT OR Apache-2.0,,https://github.com/rayon-rs/rayon,registry+https://github.com/rust-lang/crates.io-index
read-fonts,0.41.0,MIT OR Apache-2.0,,https://github.com/googlefonts/fontations,registry+https://github.com/rust-lang/crates.io-index
reborrow,0.5.5,MIT,,https://github.com/sarah-ek/reborrow/,registry+https://github.com/rust-lang/crates.io-index
redox_syscall,0.2.16,MIT,,https://gitlab.redox-os.org/redox-os/syscall,registry+https://github.com/rust-lang/crates.io-index
redox_syscall,0.5.18,MIT,,https://gitlab.redox-os.org/redox-os/syscall,registry+https://github.com/rust-lang/crates.io-index
redox_users,0.4.6,MIT,,https://gitlab.redox-os.org/redox-os/users,registry+https://github.com/rust-lang/crates.io-index
redox_users,0.5.2,MIT,,https://gitlab.redox-os.org/redox-os/users,registry+https://github.com/rust-lang/crates.io-index
ref-cast,1.0.27,MIT OR Apache-2.0,,https://github.com/dtolnay/ref-cast,registry+https://github.com/rust-lang/crates.io-index
ref-cast-impl,1.0.27,MIT OR Apache-2.0,,https://github.com/dtolnay/ref-cast,registry+https://github.com/rust-lang/crates.io-index
regex,1.13.1,MIT OR Apache-2.0,,https://github.com/rust-lang/regex,registry+https://github.com/rust-lang/crates.io-index
regex-automata,0.4.18,MIT OR Apache-2.0,,https://github.com/rust-lang/regex,registry+https://github.com/rust-lang/crates.io-index
regex-syntax,0.8.11,MIT OR Apache-2.0,,https://github.com/rust-lang/regex,registry+https://github.com/rust-lang/crates.io-index
resvg,0.45.1,Apache-2.0 OR MIT,,https://github.com/linebender/resvg,registry+https://github.com/rust-lang/crates.io-index
rfc6979,0.6.0,Apache-2.0 OR MIT,,https://github.com/RustCrypto/signatures,registry+https://github.com/rust-lang/crates.io-index
rfd,0.17.2,MIT,,https://github.com/PolyMeilex/rfd,registry+https://github.com/rust-lang/crates.io-index
rgb,0.8.53,MIT,,https://github.com/kornelski/rust-rgb,registry+https://github.com/rust-lang/crates.io-index
ring,0.17.14,Apache-2.0 AND ISC,,https://github.com/briansmith/ring,registry+https://github.com/rust-lang/crates.io-index
ropey,2.0.0-beta.1,MIT OR Apache-2.0,,https://github.com/cessen/ropey,registry+https://github.com/rust-lang/crates.io-index
roxmltree,0.20.0,MIT OR Apache-2.0,,https://github.com/RazrFalcon/roxmltree,registry+https://github.com/rust-lang/crates.io-index
rsqlite-vfs,0.1.1,MIT,,,registry+https://github.com/rust-lang/crates.io-index
rusqlite,0.38.0,MIT,,https://github.com/rusqlite/rusqlite,registry+https://github.com/rust-lang/crates.io-index
russh,0.63.1,Apache-2.0,,https://github.com/warp-tech/russh,registry+https://github.com/rust-lang/crates.io-index
russh-cryptovec,0.62.0,Apache-2.0,,https://github.com/warp-tech/russh,registry+https://github.com/rust-lang/crates.io-index
russh-sftp,2.4.0,Apache-2.0,,https://github.com/AspectUnk/russh-sftp,registry+https://github.com/rust-lang/crates.io-index
russh-util,0.52.0,Apache-2.0,,https://github.com/warp-tech/russh,registry+https://github.com/rust-lang/crates.io-index
rust-embed,8.12.0,MIT,,https://pyrossh.dev/repos/rust-embed,registry+https://github.com/rust-lang/crates.io-index
rust-embed-impl,8.12.0,MIT,,https://pyrossh.dev/repos/rust-embed,registry+https://github.com/rust-lang/crates.io-index
rust-embed-utils,8.12.0,MIT,,https://pyrossh.dev/repos/rust-embed,registry+https://github.com/rust-lang/crates.io-index
rust-i18n,3.1.5,MIT,,https://github.com/longbridge/rust-i18n,registry+https://github.com/rust-lang/crates.io-index
rust-i18n-macro,3.1.5,MIT,,https://github.com/longbridge/rust-i18n,registry+https://github.com/rust-lang/crates.io-index
rust-i18n-support,3.1.5,MIT,,https://github.com/longbridge/rust-i18n,registry+https://github.com/rust-lang/crates.io-index
rustc-hash,1.1.0,Apache-2.0/MIT,,https://github.com/rust-lang-nursery/rustc-hash,registry+https://github.com/rust-lang/crates.io-index
rustc-hash,2.1.3,Apache-2.0 OR MIT,,https://github.com/rust-lang/rustc-hash,registry+https://github.com/rust-lang/crates.io-index
rustc_version,0.4.1,MIT OR Apache-2.0,,https://github.com/djc/rustc-version-rs,registry+https://github.com/rust-lang/crates.io-index
rustix,0.38.44,Apache-2.0 WITH LLVM-exception OR Apache-2.0 OR MIT,,https://github.com/bytecodealliance/rustix,registry+https://github.com/rust-lang/crates.io-index
rustix,1.1.4,Apache-2.0 WITH LLVM-exception OR Apache-2.0 OR MIT,,https://github.com/bytecodealliance/rustix,registry+https://github.com/rust-lang/crates.io-index
rustix-openpty,0.2.0,Apache-2.0 WITH LLVM-exception OR Apache-2.0 OR MIT,,https://github.com/sunfishcode/rustix-openpty,registry+https://github.com/rust-lang/crates.io-index
rustls,0.23.45,Apache-2.0 OR ISC OR MIT,,https://github.com/rustls/rustls,registry+https://github.com/rust-lang/crates.io-index
rustls-native-certs,0.8.4,Apache-2.0 OR ISC OR MIT,,https://github.com/rustls/rustls-native-certs,registry+https://github.com/rust-lang/crates.io-index
rustls-pemfile,2.2.0,Apache-2.0 OR ISC OR MIT,,https://github.com/rustls/pemfile,registry+https://github.com/rust-lang/crates.io-index
rustls-pki-types,1.15.1,MIT OR Apache-2.0,,https://github.com/rustls/pki-types,registry+https://github.com/rust-lang/crates.io-index
rustls-webpki,0.103.15,ISC,,https://github.com/rustls/webpki,registry+https://github.com/rust-lang/crates.io-index
rustversion,1.0.23,MIT OR Apache-2.0,,https://github.com/dtolnay/rustversion,registry+https://github.com/rust-lang/crates.io-index
rustybuzz,0.14.1,MIT,,https://github.com/RazrFalcon/rustybuzz,registry+https://github.com/rust-lang/crates.io-index
rustybuzz,0.20.1,MIT,,https://github.com/harfbuzz/rustybuzz,registry+https://github.com/rust-lang/crates.io-index
ryu,1.0.23,Apache-2.0 OR BSL-1.0,,https://github.com/dtolnay/ryu,registry+https://github.com/rust-lang/crates.io-index
salsa20,0.11.0,MIT OR Apache-2.0,,https://github.com/RustCrypto/stream-ciphers,registry+https://github.com/rust-lang/crates.io-index
same-file,1.0.6,Unlicense/MIT,,https://github.com/BurntSushi/same-file,registry+https://github.com/rust-lang/crates.io-index
schannel,0.1.29,MIT,,https://github.com/steffengy/schannel-rs,registry+https://github.com/rust-lang/crates.io-index
schemars,1.2.2,MIT,,https://github.com/GREsau/schemars,registry+https://github.com/rust-lang/crates.io-index
schemars_derive,1.2.2,MIT,,https://github.com/GREsau/schemars,registry+https://github.com/rust-lang/crates.io-index
scoped-tls,1.0.1,MIT/Apache-2.0,,https://github.com/alexcrichton/scoped-tls,registry+https://github.com/rust-lang/crates.io-index
scopeguard,1.2.0,MIT OR Apache-2.0,,https://github.com/bluss/scopeguard,registry+https://github.com/rust-lang/crates.io-index
screencapturekit,0.2.8,MIT OR Apache-2.0,,https://github.com/svtlabs/screencapturekit-rs/tree/main/screencapturekit,registry+https://github.com/rust-lang/crates.io-index
screencapturekit-sys,0.2.8,MIT OR Apache-2.0,,https://github.com/svtlabs/screencapturekit-rs/tree/main/screencapturekit-sys,registry+https://github.com/rust-lang/crates.io-index
scrypt,0.12.0,MIT OR Apache-2.0,,https://github.com/RustCrypto/password-hashes,registry+https://github.com/rust-lang/crates.io-index
seahash,4.1.0,MIT,,https://gitlab.redox-os.org/redox-os/seahash,registry+https://github.com/rust-lang/crates.io-index
sec1,0.8.1,Apache-2.0 OR MIT,,https://github.com/RustCrypto/formats,registry+https://github.com/rust-lang/crates.io-index
security-framework,3.7.0,MIT OR Apache-2.0,,https://github.com/kornelski/rust-security-framework,registry+https://github.com/rust-lang/crates.io-index
security-framework-sys,2.17.0,MIT OR Apache-2.0,,https://github.com/kornelski/rust-security-framework,registry+https://github.com/rust-lang/crates.io-index
self_cell,1.3.0,Apache-2.0 OR GPL-2.0-only,,https://github.com/Voultapher/self_cell,registry+https://github.com/rust-lang/crates.io-index
semver,1.0.28,MIT OR Apache-2.0,,https://github.com/dtolnay/semver,registry+https://github.com/rust-lang/crates.io-index
serde,1.0.229,MIT OR Apache-2.0,,https://github.com/serde-rs/serde,registry+https://github.com/rust-lang/crates.io-index
serde_bytes,0.11.19,MIT OR Apache-2.0,,https://github.com/serde-rs/bytes,registry+https://github.com/rust-lang/crates.io-index
serde_core,1.0.229,MIT OR Apache-2.0,,https://github.com/serde-rs/serde,registry+https://github.com/rust-lang/crates.io-index
serde_derive,1.0.229,MIT OR Apache-2.0,,https://github.com/serde-rs/serde,registry+https://github.com/rust-lang/crates.io-index
serde_derive_internals,0.30.0,MIT OR Apache-2.0,,https://github.com/serde-rs/serde,registry+https://github.com/rust-lang/crates.io-index
serde_fmt,1.1.0,Apache-2.0 OR MIT,,https://github.com/KodrAus/serde_fmt.git,registry+https://github.com/rust-lang/crates.io-index
serde_json,1.0.151,MIT OR Apache-2.0,,https://github.com/serde-rs/json,registry+https://github.com/rust-lang/crates.io-index
serde_json_lenient,0.2.4,MIT/Apache-2.0,,https://github.com/google/serde_json_lenient,registry+https://github.com/rust-lang/crates.io-index
serde_repr,0.1.21,MIT OR Apache-2.0,,https://github.com/dtolnay/serde-repr,registry+https://github.com/rust-lang/crates.io-index
serde_spanned,0.6.9,MIT OR Apache-2.0,,https://github.com/toml-rs/toml,registry+https://github.com/rust-lang/crates.io-index
serde_spanned,1.1.1,MIT OR Apache-2.0,,https://github.com/toml-rs/toml,registry+https://github.com/rust-lang/crates.io-index
serde_urlencoded,0.7.1,MIT/Apache-2.0,,https://github.com/nox/serde_urlencoded,registry+https://github.com/rust-lang/crates.io-index
serde_yaml,0.9.34+deprecated,MIT OR Apache-2.0,,https://github.com/dtolnay/serde-yaml,registry+https://github.com/rust-lang/crates.io-index
serdect,0.4.3,Apache-2.0 OR MIT,,https://github.com/RustCrypto/formats,registry+https://github.com/rust-lang/crates.io-index
serial2,0.2.38,BSD-2-Clause OR Apache-2.0,,https://github.com/de-vri-es/serial2-rs,registry+https://github.com/rust-lang/crates.io-index
sha1,0.11.0,MIT OR Apache-2.0,,https://github.com/RustCrypto/hashes,registry+https://github.com/rust-lang/crates.io-index
sha1_smol,1.0.1,BSD-3-Clause,,https://github.com/mitsuhiko/sha1-smol,registry+https://github.com/rust-lang/crates.io-index
sha2,0.10.9,MIT OR Apache-2.0,,https://github.com/RustCrypto/hashes,registry+https://github.com/rust-lang/crates.io-index
sha2,0.11.0,MIT OR Apache-2.0,,https://github.com/RustCrypto/hashes,registry+https://github.com/rust-lang/crates.io-index
sha3,0.11.0,MIT OR Apache-2.0,,https://github.com/RustCrypto/hashes,registry+https://github.com/rust-lang/crates.io-index
sha3,0.12.0,MIT OR Apache-2.0,,https://github.com/RustCrypto/hashes,registry+https://github.com/rust-lang/crates.io-index
shared_library,0.1.9,Apache-2.0/MIT,,https://github.com/tomaka/shared_library/,registry+https://github.com/rust-lang/crates.io-index
shell-words,1.1.1,MIT/Apache-2.0,,https://github.com/tmiasko/shell-words,registry+https://github.com/rust-lang/crates.io-index
shellexpand,3.1.2,MIT/Apache-2.0,,https://gitlab.com/ijackson/rust-shellexpand,registry+https://github.com/rust-lang/crates.io-index
shlex,1.3.0,MIT OR Apache-2.0,,https://github.com/comex/rust-shlex,registry+https://github.com/rust-lang/crates.io-index
shlex,2.0.1,MIT OR Apache-2.0,,https://github.com/comex/rust-shlex,registry+https://github.com/rust-lang/crates.io-index
signal-hook,0.4.4,MIT OR Apache-2.0,,https://github.com/vorner/signal-hook,registry+https://github.com/rust-lang/crates.io-index
signal-hook-registry,1.4.8,MIT OR Apache-2.0,,https://github.com/vorner/signal-hook,registry+https://github.com/rust-lang/crates.io-index
signature,3.0.0,Apache-2.0 OR MIT,,https://github.com/RustCrypto/traits,registry+https://github.com/rust-lang/crates.io-index
simd-adler32,0.3.10,MIT,,https://github.com/mcountryman/simd-adler32,registry+https://github.com/rust-lang/crates.io-index
simd_helpers,0.1.0,MIT,,https://github.com/lu-zero/simd_helpers,registry+https://github.com/rust-lang/crates.io-index
simdutf8,0.1.5,MIT OR Apache-2.0,,https://github.com/rusticstuff/simdutf8,registry+https://github.com/rust-lang/crates.io-index
simplecss,0.2.2,Apache-2.0 OR MIT,,https://github.com/linebender/simplecss,registry+https://github.com/rust-lang/crates.io-index
siphasher,1.0.3,MIT/Apache-2.0,,https://github.com/jedisct1/rust-siphash,registry+https://github.com/rust-lang/crates.io-index
skrifa,0.44.0,MIT OR Apache-2.0,,https://github.com/googlefonts/fontations,registry+https://github.com/rust-lang/crates.io-index
slab,0.4.12,MIT,,https://github.com/tokio-rs/slab,registry+https://github.com/rust-lang/crates.io-index
slotmap,1.1.1,Zlib,,https://github.com/orlp/slotmap,registry+https://github.com/rust-lang/crates.io-index
smallvec,1.16.0,MIT OR Apache-2.0,,https://github.com/servo/rust-smallvec,registry+https://github.com/rust-lang/crates.io-index
smol,2.0.2,Apache-2.0 OR MIT,,https://github.com/smol-rs/smol,registry+https://github.com/rust-lang/crates.io-index
smol_str,0.2.2,MIT OR Apache-2.0,,https://github.com/rust-analyzer/smol_str,registry+https://github.com/rust-lang/crates.io-index
socket2,0.6.5,MIT OR Apache-2.0,,https://github.com/rust-lang/socket2,registry+https://github.com/rust-lang/crates.io-index
spin,0.9.9,MIT,,https://github.com/mvdnes/spin-rs.git,registry+https://github.com/rust-lang/crates.io-index
spirv,0.3.0+sdk-1.3.268.0,Apache-2.0,,https://github.com/gfx-rs/rspirv,registry+https://github.com/rust-lang/crates.io-index
spki,0.8.0,Apache-2.0 OR MIT,,https://github.com/RustCrypto/formats,registry+https://github.com/rust-lang/crates.io-index
sponge-cursor,0.1.0,MIT OR Apache-2.0,,https://github.com/RustCrypto/utils,registry+https://github.com/rust-lang/crates.io-index
sqlite-wasm-rs,0.5.5,MIT,,https://github.com/Spxg/sqlite-wasm-rs,registry+https://github.com/rust-lang/crates.io-index
ssh-cipher,0.3.0,Apache-2.0 OR MIT,,https://github.com/RustCrypto/SSH,registry+https://github.com/rust-lang/crates.io-index
ssh-encoding,0.3.0,Apache-2.0 OR MIT,,https://github.com/RustCrypto/SSH,registry+https://github.com/rust-lang/crates.io-index
ssh-key,0.7.0-rc.11,Apache-2.0 OR MIT,,https://github.com/RustCrypto/SSH,registry+https://github.com/rust-lang/crates.io-index
stable_deref_trait,1.2.1,MIT OR Apache-2.0,,https://github.com/storyyeller/stable_deref_trait,registry+https://github.com/rust-lang/crates.io-index
stacker,0.1.25,MIT OR Apache-2.0,,https://github.com/rust-lang/stacker,registry+https://github.com/rust-lang/crates.io-index
stacksafe,0.1.4,Apache-2.0,,https://github.com/fast/stacksafe,registry+https://github.com/rust-lang/crates.io-index
stacksafe-macro,0.1.4,Apache-2.0,,https://github.com/fast/stacksafe,registry+https://github.com/rust-lang/crates.io-index
static_assertions,1.1.0,MIT OR Apache-2.0,,https://github.com/nvzqz/static-assertions-rs,registry+https://github.com/rust-lang/crates.io-index
str_indices,0.4.4,MIT OR Apache-2.0,,https://github.com/cessen/str_indices,registry+https://github.com/rust-lang/crates.io-index
streaming-iterator,0.1.9,MIT OR Apache-2.0,,https://github.com/sfackler/streaming-iterator,registry+https://github.com/rust-lang/crates.io-index
strict-num,0.1.1,MIT,,https://github.com/RazrFalcon/strict-num,registry+https://github.com/rust-lang/crates.io-index
string_cache,0.8.9,MIT OR Apache-2.0,,https://github.com/servo/string-cache,registry+https://github.com/rust-lang/crates.io-index
string_cache_codegen,0.5.4,MIT OR Apache-2.0,,https://github.com/servo/string-cache,registry+https://github.com/rust-lang/crates.io-index
strum,0.26.3,MIT,,https://github.com/Peternator7/strum,registry+https://github.com/rust-lang/crates.io-index
strum,0.27.2,MIT,,https://github.com/Peternator7/strum,registry+https://github.com/rust-lang/crates.io-index
strum_macros,0.26.4,MIT,,https://github.com/Peternator7/strum,registry+https://github.com/rust-lang/crates.io-index
strum_macros,0.27.2,MIT,,https://github.com/Peternator7/strum,registry+https://github.com/rust-lang/crates.io-index
subtle,2.6.1,BSD-3-Clause,,https://github.com/dalek-cryptography/subtle,registry+https://github.com/rust-lang/crates.io-index
sval,2.22.0,Apache-2.0 OR MIT,,https://github.com/sval-rs/sval,registry+https://github.com/rust-lang/crates.io-index
sval_buffer,2.22.0,Apache-2.0 OR MIT,,https://github.com/sval-rs/sval,registry+https://github.com/rust-lang/crates.io-index
sval_dynamic,2.22.0,Apache-2.0 OR MIT,,https://github.com/sval-rs/sval,registry+https://github.com/rust-lang/crates.io-index
sval_fmt,2.22.0,Apache-2.0 OR MIT,,https://github.com/sval-rs/sval,registry+https://github.com/rust-lang/crates.io-index
sval_json,2.22.0,Apache-2.0 OR MIT,,https://github.com/sval-rs/sval,registry+https://github.com/rust-lang/crates.io-index
sval_nested,2.22.0,Apache-2.0 OR MIT,,https://github.com/sval-rs/sval,registry+https://github.com/rust-lang/crates.io-index
sval_ref,2.22.0,Apache-2.0 OR MIT,,https://github.com/sval-rs/sval,registry+https://github.com/rust-lang/crates.io-index
sval_serde,2.22.0,Apache-2.0 OR MIT,,https://github.com/sval-rs/sval,registry+https://github.com/rust-lang/crates.io-index
svg_fmt,0.4.5,MIT/Apache-2.0,,https://github.com/nical/rust_debug,registry+https://github.com/rust-lang/crates.io-index
svgtypes,0.15.3,Apache-2.0 OR MIT,,https://github.com/linebender/svgtypes,registry+https://github.com/rust-lang/crates.io-index
swash,0.2.10,Apache-2.0 OR MIT,,https://github.com/dfrg/swash,registry+https://github.com/rust-lang/crates.io-index
syn,1.0.109,MIT OR Apache-2.0,,https://github.com/dtolnay/syn,registry+https://github.com/rust-lang/crates.io-index
syn,2.0.119,MIT OR Apache-2.0,,https://github.com/dtolnay/syn,registry+https://github.com/rust-lang/crates.io-index
syn,3.0.5,MIT OR Apache-2.0,,https://github.com/dtolnay/syn,registry+https://github.com/rust-lang/crates.io-index
sync_wrapper,1.0.2,Apache-2.0,,https://github.com/Actyx/sync_wrapper,registry+https://github.com/rust-lang/crates.io-index
synstructure,0.13.2,MIT,,https://github.com/mystor/synstructure,registry+https://github.com/rust-lang/crates.io-index
sys-locale,0.3.2,MIT OR Apache-2.0,,https://github.com/1Password/sys-locale,registry+https://github.com/rust-lang/crates.io-index
sysinfo,0.31.4,MIT,,https://github.com/GuillaumeGomez/sysinfo,registry+https://github.com/rust-lang/crates.io-index
system-configuration,0.6.1,MIT OR Apache-2.0,,https://github.com/mullvad/system-configuration-rs,registry+https://github.com/rust-lang/crates.io-index
system-configuration-sys,0.6.0,MIT OR Apache-2.0,,https://github.com/mullvad/system-configuration-rs,registry+https://github.com/rust-lang/crates.io-index
taffy,0.9.0,MIT,,https://github.com/DioxusLabs/taffy,MantaSH workspace
taffy,0.9.2,MIT,,https://github.com/DioxusLabs/taffy,git+https://github.com/DioxusLabs/taffy?rev=8f30e394106af09dbf131d184e3cff25d20cc207#8f30e394106af09dbf131d184e3cff25d20cc207
take-until,0.2.0,MIT,,https://github.com/hdevalke/take-until.git,registry+https://github.com/rust-lang/crates.io-index
tao-core-video-sys,0.2.0,MIT,,,registry+https://github.com/rust-lang/crates.io-index
target-features,0.1.6,MIT OR Apache-2.0,,https://github.com/calebzulawski/target-features,registry+https://github.com/rust-lang/crates.io-index
tempfile,3.27.0,MIT OR Apache-2.0,,https://github.com/Stebalien/tempfile,registry+https://github.com/rust-lang/crates.io-index
tendril,0.4.3,MIT/Apache-2.0,,https://github.com/servo/tendril,registry+https://github.com/rust-lang/crates.io-index
termcolor,1.4.1,Unlicense OR MIT,,https://github.com/BurntSushi/termcolor,registry+https://github.com/rust-lang/crates.io-index
thiserror,1.0.69,MIT OR Apache-2.0,,https://github.com/dtolnay/thiserror,registry+https://github.com/rust-lang/crates.io-index
thiserror,2.0.20,MIT OR Apache-2.0,,https://github.com/dtolnay/thiserror,registry+https://github.com/rust-lang/crates.io-index
thiserror-impl,1.0.69,MIT OR Apache-2.0,,https://github.com/dtolnay/thiserror,registry+https://github.com/rust-lang/crates.io-index
thiserror-impl,2.0.20,MIT OR Apache-2.0,,https://github.com/dtolnay/thiserror,registry+https://github.com/rust-lang/crates.io-index
tiff,0.11.3,MIT,,https://github.com/image-rs/image-tiff,registry+https://github.com/rust-lang/crates.io-index
tiny-keccak,2.0.2,CC0-1.0,,,registry+https://github.com/rust-lang/crates.io-index
tiny-skia,0.11.4,BSD-3-Clause,,https://github.com/RazrFalcon/tiny-skia,registry+https://github.com/rust-lang/crates.io-index
tiny-skia-path,0.11.4,BSD-3-Clause,,https://github.com/RazrFalcon/tiny-skia/tree/master/path,registry+https://github.com/rust-lang/crates.io-index
tinystr,0.8.4,Unicode-3.0,,https://github.com/unicode-org/icu4x,registry+https://github.com/rust-lang/crates.io-index
tinyvec,1.13.2,Zlib OR Apache-2.0 OR MIT,,https://github.com/Lokathor/tinyvec,registry+https://github.com/rust-lang/crates.io-index
tinyvec_macros,0.1.1,MIT OR Apache-2.0 OR Zlib,,https://github.com/Soveu/tinyvec_macros,registry+https://github.com/rust-lang/crates.io-index
tokio,1.53.1,MIT,,https://github.com/tokio-rs/tokio,registry+https://github.com/rust-lang/crates.io-index
tokio-macros,2.7.2,MIT,,https://github.com/tokio-rs/tokio,registry+https://github.com/rust-lang/crates.io-index
tokio-rustls,0.26.5,MIT OR Apache-2.0,,https://github.com/rustls/tokio-rustls,registry+https://github.com/rust-lang/crates.io-index
tokio-socks,0.5.3,MIT,,https://github.com/sticnarf/tokio-socks,registry+https://github.com/rust-lang/crates.io-index
tokio-util,0.7.19,MIT,,https://github.com/tokio-rs/tokio,registry+https://github.com/rust-lang/crates.io-index
toml,0.8.23,MIT OR Apache-2.0,,https://github.com/toml-rs/toml,registry+https://github.com/rust-lang/crates.io-index
toml,1.1.5+spec-1.1.0,MIT OR Apache-2.0,,https://github.com/toml-rs/toml,registry+https://github.com/rust-lang/crates.io-index
toml_datetime,0.6.11,MIT OR Apache-2.0,,https://github.com/toml-rs/toml,registry+https://github.com/rust-lang/crates.io-index
toml_datetime,1.1.1+spec-1.1.0,MIT OR Apache-2.0,,https://github.com/toml-rs/toml,registry+https://github.com/rust-lang/crates.io-index
toml_edit,0.22.27,MIT OR Apache-2.0,,https://github.com/toml-rs/toml,registry+https://github.com/rust-lang/crates.io-index
toml_edit,0.25.13+spec-1.1.0,MIT OR Apache-2.0,,https://github.com/toml-rs/toml,registry+https://github.com/rust-lang/crates.io-index
toml_parser,1.1.3+spec-1.1.0,MIT OR Apache-2.0,,https://github.com/toml-rs/toml,registry+https://github.com/rust-lang/crates.io-index
toml_write,0.1.2,MIT OR Apache-2.0,,https://github.com/toml-rs/toml,registry+https://github.com/rust-lang/crates.io-index
toml_writer,1.1.2+spec-1.1.0,MIT OR Apache-2.0,,https://github.com/toml-rs/toml,registry+https://github.com/rust-lang/crates.io-index
tower,0.5.3,MIT,,https://github.com/tower-rs/tower,registry+https://github.com/rust-lang/crates.io-index
tower-layer,0.3.3,MIT,,https://github.com/tower-rs/tower,registry+https://github.com/rust-lang/crates.io-index
tower-service,0.3.3,MIT,,https://github.com/tower-rs/tower,registry+https://github.com/rust-lang/crates.io-index
tracing,0.1.44,MIT,,https://github.com/tokio-rs/tracing,registry+https://github.com/rust-lang/crates.io-index
tracing-attributes,0.1.31,MIT,,https://github.com/tokio-rs/tracing,registry+https://github.com/rust-lang/crates.io-index
tracing-core,0.1.36,MIT,,https://github.com/tokio-rs/tracing,registry+https://github.com/rust-lang/crates.io-index
tree-sitter,0.25.10,MIT,,https://github.com/tree-sitter/tree-sitter,registry+https://github.com/rust-lang/crates.io-index
tree-sitter-json,0.24.8,MIT,,https://github.com/tree-sitter/tree-sitter-json,registry+https://github.com/rust-lang/crates.io-index
tree-sitter-language,0.1.7,MIT,,https://github.com/tree-sitter/tree-sitter,registry+https://github.com/rust-lang/crates.io-index
triomphe,0.1.16,MIT OR Apache-2.0,,https://github.com/Manishearth/triomphe,registry+https://github.com/rust-lang/crates.io-index
try-lock,0.2.5,MIT,,https://github.com/seanmonstar/try-lock,registry+https://github.com/rust-lang/crates.io-index
ttf-parser,0.20.0,MIT OR Apache-2.0,,https://github.com/RazrFalcon/ttf-parser,registry+https://github.com/rust-lang/crates.io-index
ttf-parser,0.21.1,MIT OR Apache-2.0,,https://github.com/RazrFalcon/ttf-parser,registry+https://github.com/rust-lang/crates.io-index
ttf-parser,0.25.1,MIT OR Apache-2.0,,https://github.com/harfbuzz/ttf-parser,registry+https://github.com/rust-lang/crates.io-index
typeid,1.0.3,MIT OR Apache-2.0,,https://github.com/dtolnay/typeid,registry+https://github.com/rust-lang/crates.io-index
typenum,1.20.1,MIT OR Apache-2.0,,https://github.com/paholg/typenum,registry+https://github.com/rust-lang/crates.io-index
uds_windows,1.2.1,MIT,,https://github.com/haraldh/rust_uds_windows,registry+https://github.com/rust-lang/crates.io-index
unicase,2.9.0,MIT OR Apache-2.0,,https://github.com/seanmonstar/unicase,registry+https://github.com/rust-lang/crates.io-index
unicode-bidi,0.3.18,MIT OR Apache-2.0,,https://github.com/servo/unicode-bidi,registry+https://github.com/rust-lang/crates.io-index
unicode-bidi-mirroring,0.2.0,MIT/Apache-2.0,,https://github.com/RazrFalcon/unicode-bidi-mirroring,registry+https://github.com/rust-lang/crates.io-index
unicode-bidi-mirroring,0.4.0,MIT/Apache-2.0,,https://github.com/RazrFalcon/unicode-bidi-mirroring,registry+https://github.com/rust-lang/crates.io-index
unicode-ccc,0.2.0,MIT/Apache-2.0,,https://github.com/RazrFalcon/unicode-ccc,registry+https://github.com/rust-lang/crates.io-index
unicode-ccc,0.4.0,MIT/Apache-2.0,,https://github.com/RazrFalcon/unicode-ccc,registry+https://github.com/rust-lang/crates.io-index
unicode-id,0.3.6,MIT OR Apache-2.0,,https://github.com/Boshen/unicode-id,registry+https://github.com/rust-lang/crates.io-index
unicode-ident,1.0.24,(MIT OR Apache-2.0) AND Unicode-3.0,,https://github.com/dtolnay/unicode-ident,registry+https://github.com/rust-lang/crates.io-index
unicode-linebreak,0.1.5,Apache-2.0,,https://github.com/axelf4/unicode-linebreak,registry+https://github.com/rust-lang/crates.io-index
unicode-properties,0.1.4,MIT/Apache-2.0,,https://github.com/unicode-rs/unicode-properties,registry+https://github.com/rust-lang/crates.io-index
unicode-script,0.5.8,MIT OR Apache-2.0,,https://github.com/unicode-rs/unicode-script,registry+https://github.com/rust-lang/crates.io-index
unicode-segmentation,1.13.3,MIT OR Apache-2.0,,https://github.com/unicode-rs/unicode-segmentation,registry+https://github.com/rust-lang/crates.io-index
unicode-vo,0.1.0,MIT/Apache-2.0,,https://github.com/RazrFalcon/unicode-vo,registry+https://github.com/rust-lang/crates.io-index
unicode-width,0.2.2,MIT OR Apache-2.0,,https://github.com/unicode-rs/unicode-width,registry+https://github.com/rust-lang/crates.io-index
universal-hash,0.6.1,MIT OR Apache-2.0,,https://github.com/RustCrypto/traits,registry+https://github.com/rust-lang/crates.io-index
unsafe-libyaml,0.2.11,MIT,,https://github.com/dtolnay/unsafe-libyaml,registry+https://github.com/rust-lang/crates.io-index
untrusted,0.9.0,ISC,,https://github.com/briansmith/untrusted,registry+https://github.com/rust-lang/crates.io-index
url,2.5.8,MIT OR Apache-2.0,,https://github.com/servo/rust-url,registry+https://github.com/rust-lang/crates.io-index
usvg,0.45.1,Apache-2.0 OR MIT,,https://github.com/linebender/resvg,registry+https://github.com/rust-lang/crates.io-index
utf-8,0.7.6,MIT OR Apache-2.0,,https://github.com/SimonSapin/rust-utf8,registry+https://github.com/rust-lang/crates.io-index
utf8_iter,1.0.4,Apache-2.0 OR MIT,,https://github.com/hsivonen/utf8_iter,registry+https://github.com/rust-lang/crates.io-index
uuid,1.26.0,Apache-2.0 OR MIT,,https://github.com/uuid-rs/uuid,registry+https://github.com/rust-lang/crates.io-index
v_frame,0.3.9,BSD-2-Clause,,https://github.com/rust-av/v_frame,registry+https://github.com/rust-lang/crates.io-index
value-bag,1.14.1,Apache-2.0 OR MIT,,https://github.com/sval-rs/value-bag,registry+https://github.com/rust-lang/crates.io-index
value-bag-serde1,1.14.1,Apache-2.0 OR MIT,,,registry+https://github.com/rust-lang/crates.io-index
value-bag-sval2,1.14.1,Apache-2.0 OR MIT,,,registry+https://github.com/rust-lang/crates.io-index
vcpkg,0.2.15,MIT/Apache-2.0,,https://github.com/mcgoo/vcpkg-rs,registry+https://github.com/rust-lang/crates.io-index
version_check,0.9.5,MIT/Apache-2.0,,https://github.com/SergioBenitez/version_check,registry+https://github.com/rust-lang/crates.io-index
vswhom,0.1.0,MIT,,https://github.com/nabijaczleweli/vswhom.rs,registry+https://github.com/rust-lang/crates.io-index
vswhom-sys,0.1.3,MIT,,https://github.com/nabijaczleweli/vswhom-sys.rs,registry+https://github.com/rust-lang/crates.io-index
vte,0.15.0,Apache-2.0 OR MIT,,https://github.com/alacritty/vte,registry+https://github.com/rust-lang/crates.io-index
waker-fn,1.2.0,Apache-2.0 OR MIT,,https://github.com/smol-rs/waker-fn,registry+https://github.com/rust-lang/crates.io-index
walkdir,2.5.0,Unlicense/MIT,,https://github.com/BurntSushi/walkdir,registry+https://github.com/rust-lang/crates.io-index
want,0.3.1,MIT,,https://github.com/seanmonstar/want,registry+https://github.com/rust-lang/crates.io-index
wasi,0.11.1+wasi-snapshot-preview1,Apache-2.0 WITH LLVM-exception OR Apache-2.0 OR MIT,,https://github.com/bytecodealliance/wasi,registry+https://github.com/rust-lang/crates.io-index
wasip2,1.0.4+wasi-0.2.12,Apache-2.0 WITH LLVM-exception OR Apache-2.0 OR MIT,,https://github.com/bytecodealliance/wasi-rs,registry+https://github.com/rust-lang/crates.io-index
wasm-bindgen,0.2.128,MIT OR Apache-2.0,,https://github.com/wasm-bindgen/wasm-bindgen,registry+https://github.com/rust-lang/crates.io-index
wasm-bindgen-futures,0.4.78,MIT OR Apache-2.0,,https://github.com/wasm-bindgen/wasm-bindgen/tree/master/crates/futures,registry+https://github.com/rust-lang/crates.io-index
wasm-bindgen-macro,0.2.128,MIT OR Apache-2.0,,https://github.com/wasm-bindgen/wasm-bindgen/tree/master/crates/macro,registry+https://github.com/rust-lang/crates.io-index
wasm-bindgen-macro-support,0.2.128,MIT OR Apache-2.0,,https://github.com/wasm-bindgen/wasm-bindgen/tree/main/crates/macro-support,registry+https://github.com/rust-lang/crates.io-index
wasm-bindgen-shared,0.2.128,MIT OR Apache-2.0,,https://github.com/wasm-bindgen/wasm-bindgen/tree/master/crates/shared,registry+https://github.com/rust-lang/crates.io-index
wasm-streams,0.4.2,MIT OR Apache-2.0,,https://github.com/MattiasBuelens/wasm-streams/,registry+https://github.com/rust-lang/crates.io-index
wayland-backend,0.3.17,MIT,,https://github.com/smithay/wayland-rs,registry+https://github.com/rust-lang/crates.io-index
wayland-client,0.31.15,MIT,,https://github.com/smithay/wayland-rs,registry+https://github.com/rust-lang/crates.io-index
wayland-cursor,0.31.14,MIT,,https://github.com/smithay/wayland-rs,registry+https://github.com/rust-lang/crates.io-index
wayland-protocols,0.31.2,MIT,,https://github.com/smithay/wayland-rs,registry+https://github.com/rust-lang/crates.io-index
wayland-protocols,0.32.13,MIT,,https://github.com/smithay/wayland-rs,registry+https://github.com/rust-lang/crates.io-index
wayland-protocols-plasma,0.2.0,MIT,,https://github.com/smithay/wayland-rs,registry+https://github.com/rust-lang/crates.io-index
wayland-scanner,0.31.11,MIT,,https://github.com/smithay/wayland-rs,registry+https://github.com/rust-lang/crates.io-index
wayland-sys,0.31.11,MIT,,https://github.com/smithay/wayland-rs,registry+https://github.com/rust-lang/crates.io-index
web-sys,0.3.105,MIT OR Apache-2.0,,https://github.com/wasm-bindgen/wasm-bindgen/tree/master/crates/web-sys,registry+https://github.com/rust-lang/crates.io-index
web-time,1.1.0,MIT OR Apache-2.0,,https://github.com/daxpedda/web-time,registry+https://github.com/rust-lang/crates.io-index
weezl,0.1.12,MIT OR Apache-2.0,,https://github.com/image-rs/weezl,registry+https://github.com/rust-lang/crates.io-index
which,6.0.3,MIT,,https://github.com/harryfei/which-rs.git,registry+https://github.com/rust-lang/crates.io-index
winapi,0.3.9,MIT/Apache-2.0,,https://github.com/retep998/winapi-rs,registry+https://github.com/rust-lang/crates.io-index
winapi-i686-pc-windows-gnu,0.4.0,MIT/Apache-2.0,,https://github.com/retep998/winapi-rs,registry+https://github.com/rust-lang/crates.io-index
winapi-util,0.1.11,Unlicense OR MIT,,https://github.com/BurntSushi/winapi-util,registry+https://github.com/rust-lang/crates.io-index
winapi-x86_64-pc-windows-gnu,0.4.0,MIT/Apache-2.0,,https://github.com/retep998/winapi-rs,registry+https://github.com/rust-lang/crates.io-index
windows,0.57.0,MIT OR Apache-2.0,,https://github.com/microsoft/windows-rs,registry+https://github.com/rust-lang/crates.io-index
windows,0.61.3,MIT OR Apache-2.0,,https://github.com/microsoft/windows-rs,registry+https://github.com/rust-lang/crates.io-index
windows,0.62.2,MIT OR Apache-2.0,,https://github.com/microsoft/windows-rs,registry+https://github.com/rust-lang/crates.io-index
windows-capture,1.5.0,MIT,,https://github.com/NiiightmareXD/windows-capture,registry+https://github.com/rust-lang/crates.io-index
windows-collections,0.2.0,MIT OR Apache-2.0,,https://github.com/microsoft/windows-rs,registry+https://github.com/rust-lang/crates.io-index
windows-collections,0.3.2,MIT OR Apache-2.0,,https://github.com/microsoft/windows-rs,registry+https://github.com/rust-lang/crates.io-index
windows-core,0.57.0,MIT OR Apache-2.0,,https://github.com/microsoft/windows-rs,registry+https://github.com/rust-lang/crates.io-index
windows-core,0.61.2,MIT OR Apache-2.0,,https://github.com/microsoft/windows-rs,registry+https://github.com/rust-lang/crates.io-index
windows-core,0.62.2,MIT OR Apache-2.0,,https://github.com/microsoft/windows-rs,registry+https://github.com/rust-lang/crates.io-index
windows-future,0.2.1,MIT OR Apache-2.0,,https://github.com/microsoft/windows-rs,registry+https://github.com/rust-lang/crates.io-index
windows-future,0.3.2,MIT OR Apache-2.0,,https://github.com/microsoft/windows-rs,registry+https://github.com/rust-lang/crates.io-index
windows-implement,0.57.0,MIT OR Apache-2.0,,https://github.com/microsoft/windows-rs,registry+https://github.com/rust-lang/crates.io-index
windows-implement,0.60.2,MIT OR Apache-2.0,,https://github.com/microsoft/windows-rs,registry+https://github.com/rust-lang/crates.io-index
windows-interface,0.57.0,MIT OR Apache-2.0,,https://github.com/microsoft/windows-rs,registry+https://github.com/rust-lang/crates.io-index
windows-interface,0.59.3,MIT OR Apache-2.0,,https://github.com/microsoft/windows-rs,registry+https://github.com/rust-lang/crates.io-index
windows-link,0.1.3,MIT OR Apache-2.0,,https://github.com/microsoft/windows-rs,registry+https://github.com/rust-lang/crates.io-index
windows-link,0.2.1,MIT OR Apache-2.0,,https://github.com/microsoft/windows-rs,registry+https://github.com/rust-lang/crates.io-index
windows-numerics,0.2.0,MIT OR Apache-2.0,,https://github.com/microsoft/windows-rs,registry+https://github.com/rust-lang/crates.io-index
windows-numerics,0.3.1,MIT OR Apache-2.0,,https://github.com/microsoft/windows-rs,registry+https://github.com/rust-lang/crates.io-index
windows-registry,0.4.0,MIT OR Apache-2.0,,https://github.com/microsoft/windows-rs,registry+https://github.com/rust-lang/crates.io-index
windows-registry,0.5.3,MIT OR Apache-2.0,,https://github.com/microsoft/windows-rs,registry+https://github.com/rust-lang/crates.io-index
windows-result,0.1.2,MIT OR Apache-2.0,,https://github.com/microsoft/windows-rs,registry+https://github.com/rust-lang/crates.io-index
windows-result,0.3.4,MIT OR Apache-2.0,,https://github.com/microsoft/windows-rs,registry+https://github.com/rust-lang/crates.io-index
windows-result,0.4.1,MIT OR Apache-2.0,,https://github.com/microsoft/windows-rs,registry+https://github.com/rust-lang/crates.io-index
windows-strings,0.3.1,MIT OR Apache-2.0,,https://github.com/microsoft/windows-rs,registry+https://github.com/rust-lang/crates.io-index
windows-strings,0.4.2,MIT OR Apache-2.0,,https://github.com/microsoft/windows-rs,registry+https://github.com/rust-lang/crates.io-index
windows-strings,0.5.1,MIT OR Apache-2.0,,https://github.com/microsoft/windows-rs,registry+https://github.com/rust-lang/crates.io-index
windows-sys,0.48.0,MIT OR Apache-2.0,,https://github.com/microsoft/windows-rs,registry+https://github.com/rust-lang/crates.io-index
windows-sys,0.52.0,MIT OR Apache-2.0,,https://github.com/microsoft/windows-rs,registry+https://github.com/rust-lang/crates.io-index
windows-sys,0.59.0,MIT OR Apache-2.0,,https://github.com/microsoft/windows-rs,registry+https://github.com/rust-lang/crates.io-index
windows-sys,0.61.2,MIT OR Apache-2.0,,https://github.com/microsoft/windows-rs,registry+https://github.com/rust-lang/crates.io-index
windows-targets,0.48.5,MIT OR Apache-2.0,,https://github.com/microsoft/windows-rs,registry+https://github.com/rust-lang/crates.io-index
windows-targets,0.52.6,MIT OR Apache-2.0,,https://github.com/microsoft/windows-rs,registry+https://github.com/rust-lang/crates.io-index
windows-targets,0.53.5,MIT OR Apache-2.0,,https://github.com/microsoft/windows-rs,registry+https://github.com/rust-lang/crates.io-index
windows-threading,0.1.0,MIT OR Apache-2.0,,https://github.com/microsoft/windows-rs,registry+https://github.com/rust-lang/crates.io-index
windows-threading,0.2.1,MIT OR Apache-2.0,,https://github.com/microsoft/windows-rs,registry+https://github.com/rust-lang/crates.io-index
windows_aarch64_gnullvm,0.48.5,MIT OR Apache-2.0,,https://github.com/microsoft/windows-rs,registry+https://github.com/rust-lang/crates.io-index
windows_aarch64_gnullvm,0.52.6,MIT OR Apache-2.0,,https://github.com/microsoft/windows-rs,registry+https://github.com/rust-lang/crates.io-index
windows_aarch64_gnullvm,0.53.1,MIT OR Apache-2.0,,https://github.com/microsoft/windows-rs,registry+https://github.com/rust-lang/crates.io-index
windows_aarch64_msvc,0.48.5,MIT OR Apache-2.0,,https://github.com/microsoft/windows-rs,registry+https://github.com/rust-lang/crates.io-index
windows_aarch64_msvc,0.52.6,MIT OR Apache-2.0,,https://github.com/microsoft/windows-rs,registry+https://github.com/rust-lang/crates.io-index
windows_aarch64_msvc,0.53.1,MIT OR Apache-2.0,,https://github.com/microsoft/windows-rs,registry+https://github.com/rust-lang/crates.io-index
windows_i686_gnu,0.48.5,MIT OR Apache-2.0,,https://github.com/microsoft/windows-rs,registry+https://github.com/rust-lang/crates.io-index
windows_i686_gnu,0.52.6,MIT OR Apache-2.0,,https://github.com/microsoft/windows-rs,registry+https://github.com/rust-lang/crates.io-index
windows_i686_gnu,0.53.1,MIT OR Apache-2.0,,https://github.com/microsoft/windows-rs,registry+https://github.com/rust-lang/crates.io-index
windows_i686_gnullvm,0.52.6,MIT OR Apache-2.0,,https://github.com/microsoft/windows-rs,registry+https://github.com/rust-lang/crates.io-index
windows_i686_gnullvm,0.53.1,MIT OR Apache-2.0,,https://github.com/microsoft/windows-rs,registry+https://github.com/rust-lang/crates.io-index
windows_i686_msvc,0.48.5,MIT OR Apache-2.0,,https://github.com/microsoft/windows-rs,registry+https://github.com/rust-lang/crates.io-index
windows_i686_msvc,0.52.6,MIT OR Apache-2.0,,https://github.com/microsoft/windows-rs,registry+https://github.com/rust-lang/crates.io-index
windows_i686_msvc,0.53.1,MIT OR Apache-2.0,,https://github.com/microsoft/windows-rs,registry+https://github.com/rust-lang/crates.io-index
windows_x86_64_gnu,0.48.5,MIT OR Apache-2.0,,https://github.com/microsoft/windows-rs,registry+https://github.com/rust-lang/crates.io-index
windows_x86_64_gnu,0.52.6,MIT OR Apache-2.0,,https://github.com/microsoft/windows-rs,registry+https://github.com/rust-lang/crates.io-index
windows_x86_64_gnu,0.53.1,MIT OR Apache-2.0,,https://github.com/microsoft/windows-rs,registry+https://github.com/rust-lang/crates.io-index
windows_x86_64_gnullvm,0.48.5,MIT OR Apache-2.0,,https://github.com/microsoft/windows-rs,registry+https://github.com/rust-lang/crates.io-index
windows_x86_64_gnullvm,0.52.6,MIT OR Apache-2.0,,https://github.com/microsoft/windows-rs,registry+https://github.com/rust-lang/crates.io-index
windows_x86_64_gnullvm,0.53.1,MIT OR Apache-2.0,,https://github.com/microsoft/windows-rs,registry+https://github.com/rust-lang/crates.io-index
windows_x86_64_msvc,0.48.5,MIT OR Apache-2.0,,https://github.com/microsoft/windows-rs,registry+https://github.com/rust-lang/crates.io-index
windows_x86_64_msvc,0.52.6,MIT OR Apache-2.0,,https://github.com/microsoft/windows-rs,registry+https://github.com/rust-lang/crates.io-index
windows_x86_64_msvc,0.53.1,MIT OR Apache-2.0,,https://github.com/microsoft/windows-rs,registry+https://github.com/rust-lang/crates.io-index
winnow,0.7.15,MIT,,https://github.com/winnow-rs/winnow,registry+https://github.com/rust-lang/crates.io-index
winnow,1.0.4,MIT,,https://github.com/winnow-rs/winnow,registry+https://github.com/rust-lang/crates.io-index
winreg,0.10.1,MIT,,https://github.com/gentoo90/winreg-rs,registry+https://github.com/rust-lang/crates.io-index
winreg,0.55.0,MIT,,https://github.com/gentoo90/winreg-rs,registry+https://github.com/rust-lang/crates.io-index
winsafe,0.0.19,MIT,,https://github.com/rodrigocfd/winsafe,registry+https://github.com/rust-lang/crates.io-index
wio,0.2.2,MIT/Apache-2.0,,https://github.com/retep998/wio-rs,registry+https://github.com/rust-lang/crates.io-index
wit-bindgen,0.57.1,Apache-2.0 WITH LLVM-exception OR Apache-2.0 OR MIT,,https://github.com/bytecodealliance/wit-bindgen,registry+https://github.com/rust-lang/crates.io-index
wnaf,0.14.1,Apache-2.0 OR MIT,,https://github.com/RustCrypto/elliptic-curves,registry+https://github.com/rust-lang/crates.io-index
workspace-hack,0.1.0,CC0-1.0,,https://github.com/facebookincubator/cargo-guppy,registry+https://github.com/rust-lang/crates.io-index
writeable,0.6.4,Unicode-3.0,,https://github.com/unicode-org/icu4x,registry+https://github.com/rust-lang/crates.io-index
x11,2.21.0,MIT,,https://github.com/AltF02/x11-rs.git,registry+https://github.com/rust-lang/crates.io-index
x11-clipboard,0.9.3,MIT,,https://github.com/quininer/x11-clipboard,registry+https://github.com/rust-lang/crates.io-index
x11rb,0.13.2,MIT OR Apache-2.0,,https://github.com/psychon/x11rb,registry+https://github.com/rust-lang/crates.io-index
x11rb-protocol,0.13.2,MIT OR Apache-2.0,,https://github.com/psychon/x11rb,registry+https://github.com/rust-lang/crates.io-index
xattr,0.2.3,MIT/Apache-2.0,,https://github.com/Stebalien/xattr,registry+https://github.com/rust-lang/crates.io-index
xcb,1.7.1,MIT,,https://github.com/rust-x-bindings/rust-xcb,registry+https://github.com/rust-lang/crates.io-index
xcursor,0.3.11,MIT,,https://github.com/esposm03/xcursor-rs,registry+https://github.com/rust-lang/crates.io-index
xim-ctext,0.3.0,MIT,,https://github.com/Riey/xim-rs,registry+https://github.com/rust-lang/crates.io-index
xim-parser,0.2.2,MIT,,https://github.com/Riey/xim-rs,registry+https://github.com/rust-lang/crates.io-index
xkbcommon,0.8.0,MIT,,https://github.com/rust-x-bindings/xkbcommon-rs,registry+https://github.com/rust-lang/crates.io-index
xkeysym,0.2.1,MIT OR Apache-2.0 OR Zlib,,https://github.com/notgull/xkeysym,registry+https://github.com/rust-lang/crates.io-index
xml5ever,0.18.1,MIT OR Apache-2.0,,https://github.com/servo/html5ever,registry+https://github.com/rust-lang/crates.io-index
xmlwriter,0.1.0,MIT,,https://github.com/RazrFalcon/xmlwriter,registry+https://github.com/rust-lang/crates.io-index
y4m,0.8.0,MIT,,https://github.com/image-rs/y4m.git,registry+https://github.com/rust-lang/crates.io-index
yazi,0.2.1,Apache-2.0 OR MIT,,https://github.com/dfrg/yazi,registry+https://github.com/rust-lang/crates.io-index
yeslogic-fontconfig-sys,6.0.1,MIT,,https://github.com/yeslogic/fontconfig-rs,registry+https://github.com/rust-lang/crates.io-index
yoke,0.8.3,Unicode-3.0,,https://github.com/unicode-org/icu4x,registry+https://github.com/rust-lang/crates.io-index
yoke-derive,0.8.2,Unicode-3.0,,https://github.com/unicode-org/icu4x,registry+https://github.com/rust-lang/crates.io-index
zbus,5.19.0,MIT,,https://github.com/z-galaxy/zbus/,registry+https://github.com/rust-lang/crates.io-index
zbus_macros,5.19.0,MIT,,https://github.com/z-galaxy/zbus/,registry+https://github.com/rust-lang/crates.io-index
zbus_names,4.3.4,MIT,,https://github.com/z-galaxy/zbus/,registry+https://github.com/rust-lang/crates.io-index
zcheapstr,1.1.0,MIT,,https://github.com/z-galaxy/zcheapstr/,registry+https://github.com/rust-lang/crates.io-index
zed-async-tar,0.5.0-zed,MIT/Apache-2.0,,https://github.com/dignifiedquire/async-tar,registry+https://github.com/rust-lang/crates.io-index
zed-font-kit,0.14.1-zed,MIT OR Apache-2.0,,https://github.com/servo/font-kit,registry+https://github.com/rust-lang/crates.io-index
zed-reqwest,0.12.15-zed,MIT OR Apache-2.0,,https://github.com/seanmonstar/reqwest,registry+https://github.com/rust-lang/crates.io-index
zed-scap,0.0.8-zed,MIT,,https://github.com/helmerapp/scap,registry+https://github.com/rust-lang/crates.io-index
zed-sum-tree,0.2.0,Apache-2.0,,,registry+https://github.com/rust-lang/crates.io-index
zed-xim,0.4.0-zed,MIT,,https://github.com/Riey/xim-rs,registry+https://github.com/rust-lang/crates.io-index
zeno,0.3.3,Apache-2.0 OR MIT,,https://github.com/dfrg/zeno,registry+https://github.com/rust-lang/crates.io-index
zerocopy,0.8.56,BSD-2-Clause OR Apache-2.0 OR MIT,,https://github.com/google/zerocopy,registry+https://github.com/rust-lang/crates.io-index
zerocopy-derive,0.8.56,BSD-2-Clause OR Apache-2.0 OR MIT,,https://github.com/google/zerocopy,registry+https://github.com/rust-lang/crates.io-index
zerofrom,0.1.8,Unicode-3.0,,https://github.com/unicode-org/icu4x,registry+https://github.com/rust-lang/crates.io-index
zerofrom-derive,0.1.7,Unicode-3.0,,https://github.com/unicode-org/icu4x,registry+https://github.com/rust-lang/crates.io-index
zeroize,1.9.0,Apache-2.0 OR MIT,,https://github.com/RustCrypto/utils,registry+https://github.com/rust-lang/crates.io-index
zeroize_derive,1.5.0,Apache-2.0 OR MIT,,https://github.com/RustCrypto/utils,registry+https://github.com/rust-lang/crates.io-index
zerotrie,0.2.5,Unicode-3.0,,https://github.com/unicode-org/icu4x,registry+https://github.com/rust-lang/crates.io-index
zerovec,0.11.8,Unicode-3.0,,https://github.com/unicode-org/icu4x,registry+https://github.com/rust-lang/crates.io-index
zerovec-derive,0.11.6,Unicode-3.0,,https://github.com/unicode-org/icu4x,registry+https://github.com/rust-lang/crates.io-index
zlib-rs,0.6.7,Zlib,,https://github.com/trifectatechfoundation/zlib-rs,registry+https://github.com/rust-lang/crates.io-index
zmij,1.0.23,MIT,,https://github.com/dtolnay/zmij,registry+https://github.com/rust-lang/crates.io-index
zune-core,0.5.3,MIT OR Apache-2.0 OR Zlib,,https://github.com/etemesi254/zune-image,registry+https://github.com/rust-lang/crates.io-index
zune-inflate,0.2.54,MIT OR Apache-2.0 OR Zlib,,,registry+https://github.com/rust-lang/crates.io-index
zune-jpeg,0.5.15,MIT OR Apache-2.0 OR Zlib,,https://github.com/etemesi254/zune-image/tree/dev/crates/zune-jpeg,registry+https://github.com/rust-lang/crates.io-index
zvariant,5.15.0,MIT,,https://github.com/z-galaxy/zbus/,registry+https://github.com/rust-lang/crates.io-index
zvariant_derive,5.15.0,MIT,,https://github.com/z-galaxy/zbus/,registry+https://github.com/rust-lang/crates.io-index
zvariant_utils,4.2.0,MIT,,https://github.com/z-galaxy/zbus/,registry+https://github.com/rust-lang/crates.io-index
